offset_s,sensor_id,lat,lon,vehicle_count,avg_speed_kmh,occupancy_pct
0,S-jaffa-road-00-1,31.7774,35.226175,1,10.8,87.1
0,S-jaffa-road-00-2,31.7781,35.22495,0,11.4,83.8
0,S-jaffa-road-00-3,31.7788,35.223725,0,11.5,85.1
0,S-jaffa-road-01-1,31.779925,35.221525,1,18.2,75.6
0,S-jaffa-road-01-2,31.78035,35.22055,1,4.0,97.0
0,S-jaffa-road-01-3,31.780775,35.219575,4,4.0,97.0
0,S-jaffa-road-02-1,31.78195,35.2172,3,10.0,89.6
0,S-jaffa-road-02-2,31.7827,35.2158,0,15.5,81.7
0,S-jaffa-road-02-3,31.78345,35.2144,1,17.8,77.3
0,S-jaffa-road-03-1,31.784575,35.212,0,8.8,90.7
0,S-jaffa-road-03-2,31.78495,35.211,2,7.3,89.1
0,S-jaffa-road-03-3,31.785325,35.21,0,14.7,81.4
0,S-jaffa-road-04-1,31.786625,35.2074,2,18.3,77.5
0,S-jaffa-road-04-2,31.78755,35.2058,2,12.8,86.2
0,S-jaffa-road-04-3,31.788475,35.2042,0,14.2,85.2
5,S-jaffa-road-00-1,31.7774,35.226175,0,7.7,92.7
5,S-jaffa-road-00-2,31.7781,35.22495,1,4.0,97.0
5,S-jaffa-road-00-3,31.7788,35.223725,1,9.9,85.7
5,S-jaffa-road-01-1,31.779925,35.221525,2,13.1,83.3
5,S-jaffa-road-01-2,31.78035,35.22055,1,18.6,77.2
5,S-jaffa-road-01-3,31.780775,35.219575,2,5.4,93.7
5,S-jaffa-road-02-1,31.78195,35.2172,0,7.0,92.3
5,S-jaffa-road-02-2,31.7827,35.2158,0,21.1,74.0
5,S-jaffa-road-02-3,31.78345,35.2144,1,17.5,75.3
5,S-jaffa-road-03-1,31.784575,35.212,0,4.0,95.0
5,S-jaffa-road-03-2,31.78495,35.211,3,16.8,78.9
5,S-jaffa-road-03-3,31.785325,35.21,1,18.0,78.2
5,S-jaffa-road-04-1,31.786625,35.2074,0,25.0,69.6
5,S-jaffa-road-04-2,31.78755,35.2058,1,21.0,77.2
5,S-jaffa-road-04-3,31.788475,35.2042,2,13.7,87.0
10,S-jaffa-road-00-1,31.7774,35.226175,1,19.7,75.3
10,S-jaffa-road-00-2,31.7781,35.22495,1,12.1,82.9
10,S-jaffa-road-00-3,31.7788,35.223725,1,18.6,77.2
10,S-jaffa-road-01-1,31.779925,35.221525,1,20.5,79.2
10,S-jaffa-road-01-2,31.78035,35.22055,1,7.1,91.3
10,S-jaffa-road-01-3,31.780775,35.219575,1,23.6,70.5
10,S-jaffa-road-02-1,31.78195,35.2172,0,9.2,87.9
10,S-jaffa-road-02-2,31.7827,35.2158,1,14.4,87.6
10,S-jaffa-road-02-3,31.78345,35.2144,1,11.3,87.5
10,S-jaffa-road-03-1,31.784575,35.212,1,20.5,74.4
10,S-jaffa-road-03-2,31.78495,35.211,1,17.7,76.3
10,S-jaffa-road-03-3,31.785325,35.21,1,4.9,93.4
10,S-jaffa-road-04-1,31.786625,35.2074,1,16.2,80.5
10,S-jaffa-road-04-2,31.78755,35.2058,3,16.3,79.5
10,S-jaffa-road-04-3,31.788475,35.2042,2,6.6,93.0
15,S-jaffa-road-00-1,31.7774,35.226175,0,20.4,73.1
15,S-jaffa-road-00-2,31.7781,35.22495,0,7.4,90.6
15,S-jaffa-road-00-3,31.7788,35.223725,1,13.2,83.3
15,S-jaffa-road-01-1,31.779925,35.221525,0,14.2,83.5
15,S-jaffa-road-01-2,31.78035,35.22055,1,19.8,72.6
15,S-jaffa-road-01-3,31.780775,35.219575,1,10.3,89.1
15,S-jaffa-road-02-1,31.78195,35.2172,0,17.8,79.5
15,S-jaffa-road-02-2,31.7827,35.2158,0,18.1,81.5
15,S-jaffa-road-02-3,31.78345,35.2144,4,7.1,90.3
15,S-jaffa-road-03-1,31.784575,35.212,2,9.5,89.8
15,S-jaffa-road-03-2,31.78495,35.211,0,20.7,72.2
15,S-jaffa-road-03-3,31.785325,35.21,1,23.8,68.4
15,S-jaffa-road-04-1,31.786625,35.2074,0,4.0,94.7
15,S-jaffa-road-04-2,31.78755,35.2058,1,13.9,81.6
15,S-jaffa-road-04-3,31.788475,35.2042,1,11.4,86.5
20,S-jaffa-road-00-1,31.7774,35.226175,3,4.7,97.0
20,S-jaffa-road-00-2,31.7781,35.22495,2,16.4,81.5
20,S-jaffa-road-00-3,31.7788,35.223725,1,17.3,80.4
20,S-jaffa-road-01-1,31.779925,35.221525,1,4.0,97.0
20,S-jaffa-road-01-2,31.78035,35.22055,2,14.9,82.6
20,S-jaffa-road-01-3,31.780775,35.219575,2,13.8,85.6
20,S-jaffa-road-02-1,31.78195,35.2172,0,11.1,88.3
20,S-jaffa-road-02-2,31.7827,35.2158,0,14.7,82.6
20,S-jaffa-road-02-3,31.78345,35.2144,0,14.7,81.7
20,S-jaffa-road-03-1,31.784575,35.212,0,18.7,74.8
20,S-jaffa-road-03-2,31.78495,35.211,0,4.0,97.0
20,S-jaffa-road-03-3,31.785325,35.21,0,4.0,97.0
20,S-jaffa-road-04-1,31.786625,35.2074,5,14.8,81.9
20,S-jaffa-road-04-2,31.78755,35.2058,3,4.0,96.4
20,S-jaffa-road-04-3,31.788475,35.2042,2,19.8,75.4
25,S-jaffa-road-00-1,31.7774,35.226175,1,16.5,80.8
25,S-jaffa-road-00-2,31.7781,35.22495,2,16.2,78.4
25,S-jaffa-road-00-3,31.7788,35.223725,2,14.9,83.5
25,S-jaffa-road-01-1,31.779925,35.221525,2,4.0,97.0
25,S-jaffa-road-01-2,31.78035,35.22055,2,18.2,80.4
25,S-jaffa-road-01-3,31.780775,35.219575,0,16.8,78.0
25,S-jaffa-road-02-1,31.78195,35.2172,1,15.9,83.3
25,S-jaffa-road-02-2,31.7827,35.2158,1,13.3,86.9
25,S-jaffa-road-02-3,31.78345,35.2144,0,20.1,75.7
25,S-jaffa-road-03-1,31.784575,35.212,1,12.6,82.8
25,S-jaffa-road-03-2,31.78495,35.211,0,8.9,91.7
25,S-jaffa-road-03-3,31.785325,35.21,3,4.7,95.6
25,S-jaffa-road-04-1,31.786625,35.2074,1,23.8,70.0
25,S-jaffa-road-04-2,31.78755,35.2058,0,4.0,97.0
25,S-jaffa-road-04-3,31.788475,35.2042,2,18.3,75.5
30,S-jaffa-road-00-1,31.7774,35.226175,2,10.3,88.5
30,S-jaffa-road-00-2,31.7781,35.22495,3,8.4,86.7
30,S-jaffa-road-00-3,31.7788,35.223725,2,18.6,81.3
30,S-jaffa-road-01-1,31.779925,35.221525,2,5.0,97.0
30,S-jaffa-road-01-2,31.78035,35.22055,2,4.0,94.8
30,S-jaffa-road-01-3,31.780775,35.219575,1,27.9,65.0
30,S-jaffa-road-02-1,31.78195,35.2172,2,9.3,92.7
30,S-jaffa-road-02-2,31.7827,35.2158,1,17.6,79.3
30,S-jaffa-road-02-3,31.78345,35.2144,1,4.0,97.0
30,S-jaffa-road-03-1,31.784575,35.212,3,7.2,91.5
30,S-jaffa-road-03-2,31.78495,35.211,0,8.3,89.8
30,S-jaffa-road-03-3,31.785325,35.21,1,9.7,87.3
30,S-jaffa-road-04-1,31.786625,35.2074,1,8.2,90.5
30,S-jaffa-road-04-2,31.78755,35.2058,2,17.3,80.1
30,S-jaffa-road-04-3,31.788475,35.2042,3,19.3,77.3
35,S-jaffa-road-00-1,31.7774,35.226175,0,16.9,80.3
35,S-jaffa-road-00-2,31.7781,35.22495,3,13.3,85.7
35,S-jaffa-road-00-3,31.7788,35.223725,1,4.0,97.0
35,S-jaffa-road-01-1,31.779925,35.221525,2,4.0,97.0
35,S-jaffa-road-01-2,31.78035,35.22055,2,20.5,74.1
35,S-jaffa-road-01-3,31.780775,35.219575,1,4.0,95.4
35,S-jaffa-road-02-1,31.78195,35.2172,2,16.9,79.2
35,S-jaffa-road-02-2,31.7827,35.2158,1,8.0,91.4
35,S-jaffa-road-02-3,31.78345,35.2144,0,19.3,79.2
35,S-jaffa-road-03-1,31.784575,35.212,0,10.5,87.0
35,S-jaffa-road-03-2,31.78495,35.211,5,12.1,82.9
35,S-jaffa-road-03-3,31.785325,35.21,2,11.8,86.9
35,S-jaffa-road-04-1,31.786625,35.2074,1,6.5,93.9
35,S-jaffa-road-04-2,31.78755,35.2058,2,5.1,94.7
35,S-jaffa-road-04-3,31.788475,35.2042,0,14.0,83.5
40,S-jaffa-road-00-1,31.7774,35.226175,3,5.1,97.0
40,S-jaffa-road-00-2,31.7781,35.22495,1,14.3,83.8
40,S-jaffa-road-00-3,31.7788,35.223725,1,9.1,88.5
40,S-jaffa-road-01-1,31.779925,35.221525,1,4.0,97.0
40,S-jaffa-road-01-2,31.78035,35.22055,1,4.0,95.8
40,S-jaffa-road-01-3,31.780775,35.219575,3,18.5,82.2
40,S-jaffa-road-02-1,31.78195,35.2172,3,14.6,78.2
40,S-jaffa-road-02-2,31.7827,35.2158,0,13.9,82.1
40,S-jaffa-road-02-3,31.78345,35.2144,2,19.4,80.6
40,S-jaffa-road-03-1,31.784575,35.212,3,13.0,84.4
40,S-jaffa-road-03-2,31.78495,35.211,1,24.2,67.2
40,S-jaffa-road-03-3,31.785325,35.21,2,4.0,97.0
40,S-jaffa-road-04-1,31.786625,35.2074,3,5.9,92.5
40,S-jaffa-road-04-2,31.78755,35.2058,1,22.4,74.6
40,S-jaffa-road-04-3,31.788475,35.2042,1,11.1,86.2
45,S-jaffa-road-00-1,31.7774,35.226175,0,22.3,69.3
45,S-jaffa-road-00-2,31.7781,35.22495,2,4.5,97.0
45,S-jaffa-road-00-3,31.7788,35.223725,3,8.9,84.9
45,S-jaffa-road-01-1,31.779925,35.221525,2,13.6,83.2
45,S-jaffa-road-01-2,31.78035,35.22055,1,21.8,71.7
45,S-jaffa-road-01-3,31.780775,35.219575,3,4.0,97.0
45,S-jaffa-road-02-1,31.78195,35.2172,0,4.8,91.6
45,S-jaffa-road-02-2,31.7827,35.2158,3,4.0,97.0
45,S-jaffa-road-02-3,31.78345,35.2144,2,13.1,82.9
45,S-jaffa-road-03-1,31.784575,35.212,0,4.0,97.0
45,S-jaffa-road-03-2,31.78495,35.211,1,12.8,84.2
45,S-jaffa-road-03-3,31.785325,35.21,1,8.3,88.1
45,S-jaffa-road-04-1,31.786625,35.2074,1,12.7,83.5
45,S-jaffa-road-04-2,31.78755,35.2058,0,13.4,81.8
45,S-jaffa-road-04-3,31.788475,35.2042,2,17.4,77.8
50,S-jaffa-road-00-1,31.7774,35.226175,2,9.1,88.1
50,S-jaffa-road-00-2,31.7781,35.22495,4,7.4,90.4
50,S-jaffa-road-00-3,31.7788,35.223725,1,4.0,97.0
50,S-jaffa-road-01-1,31.779925,35.221525,1,17.6,76.9
50,S-jaffa-road-01-2,31.78035,35.22055,4,21.6,74.1
50,S-jaffa-road-01-3,31.780775,35.219575,1,4.0,97.0
50,S-jaffa-road-02-1,31.78195,35.2172,0,17.8,76.1
50,S-jaffa-road-02-2,31.7827,35.2158,3,5.7,93.1
50,S-jaffa-road-02-3,31.78345,35.2144,1,5.2,97.0
50,S-jaffa-road-03-1,31.784575,35.212,1,6.4,94.0
50,S-jaffa-road-03-2,31.78495,35.211,1,5.1,94.9
50,S-jaffa-road-03-3,31.785325,35.21,3,13.7,83.0
50,S-jaffa-road-04-1,31.786625,35.2074,0,17.4,76.8
50,S-jaffa-road-04-2,31.78755,35.2058,2,15.4,81.7
50,S-jaffa-road-04-3,31.788475,35.2042,2,8.0,91.2
55,S-jaffa-road-00-1,31.7774,35.226175,3,5.3,94.8
55,S-jaffa-road-00-2,31.7781,35.22495,0,7.5,90.7
55,S-jaffa-road-00-3,31.7788,35.223725,0,8.4,90.0
55,S-jaffa-road-01-1,31.779925,35.221525,0,5.9,93.4
55,S-jaffa-road-01-2,31.78035,35.22055,0,7.5,91.3
55,S-jaffa-road-01-3,31.780775,35.219575,1,18.6,80.7
55,S-jaffa-road-02-1,31.78195,35.2172,0,17.1,79.5
55,S-jaffa-road-02-2,31.7827,35.2158,2,12.9,86.5
55,S-jaffa-road-02-3,31.78345,35.2144,1,13.3,85.6
55,S-jaffa-road-03-1,31.784575,35.212,3,14.9,84.5
55,S-jaffa-road-03-2,31.78495,35.211,2,20.0,76.7
55,S-jaffa-road-03-3,31.785325,35.21,0,13.1,83.3
55,S-jaffa-road-04-1,31.786625,35.2074,1,4.0,95.1
55,S-jaffa-road-04-2,31.78755,35.2058,1,12.8,84.1
55,S-jaffa-road-04-3,31.788475,35.2042,1,15.5,81.9
60,S-jaffa-road-00-1,31.7774,35.226175,2,4.6,95.9
60,S-jaffa-road-00-2,31.7781,35.22495,4,5.2,95.2
60,S-jaffa-road-00-3,31.7788,35.223725,1,13.8,86.5
60,S-jaffa-road-01-1,31.779925,35.221525,5,20.4,77.2
60,S-jaffa-road-01-2,31.78035,35.22055,2,11.9,87.2
60,S-jaffa-road-01-3,31.780775,35.219575,0,18.0,80.9
60,S-jaffa-road-02-1,31.78195,35.2172,1,4.0,97.0
60,S-jaffa-road-02-2,31.7827,35.2158,1,8.6,89.7
60,S-jaffa-road-02-3,31.78345,35.2144,2,18.5,78.5
60,S-jaffa-road-03-1,31.784575,35.212,1,8.6,90.4
60,S-jaffa-road-03-2,31.78495,35.211,1,14.2,84.6
60,S-jaffa-road-03-3,31.785325,35.21,2,20.7,75.7
60,S-jaffa-road-04-1,31.786625,35.2074,0,15.2,81.3
60,S-jaffa-road-04-2,31.78755,35.2058,1,18.9,78.2
60,S-jaffa-road-04-3,31.788475,35.2042,2,10.4,89.5
65,S-jaffa-road-00-1,31.7774,35.226175,2,8.2,87.6
65,S-jaffa-road-00-2,31.7781,35.22495,4,20.7,75.3
65,S-jaffa-road-00-3,31.7788,35.223725,1,9.5,87.8
65,S-jaffa-road-01-1,31.779925,35.221525,0,14.6,81.6
65,S-jaffa-road-01-2,31.78035,35.22055,2,11.4,86.6
65,S-jaffa-road-01-3,31.780775,35.219575,0,8.3,91.2
65,S-jaffa-road-02-1,31.78195,35.2172,0,4.8,96.8
65,S-jaffa-road-02-2,31.7827,35.2158,3,4.0,93.2
65,S-jaffa-road-02-3,31.78345,35.2144,1,4.0,97.0
65,S-jaffa-road-03-1,31.784575,35.212,1,22.3,74.4
65,S-jaffa-road-03-2,31.78495,35.211,0,17.1,80.1
65,S-jaffa-road-03-3,31.785325,35.21,2,11.2,88.5
65,S-jaffa-road-04-1,31.786625,35.2074,1,4.0,97.0
65,S-jaffa-road-04-2,31.78755,35.2058,1,18.5,77.4
65,S-jaffa-road-04-3,31.788475,35.2042,0,15.7,83.2
70,S-jaffa-road-00-1,31.7774,35.226175,1,12.5,82.5
70,S-jaffa-road-00-2,31.7781,35.22495,0,9.3,87.3
70,S-jaffa-road-00-3,31.7788,35.223725,4,9.0,88.7
70,S-jaffa-road-01-1,31.779925,35.221525,2,8.3,89.9
70,S-jaffa-road-01-2,31.78035,35.22055,4,16.8,76.8
70,S-jaffa-road-01-3,31.780775,35.219575,1,13.7,83.3
70,S-jaffa-road-02-1,31.78195,35.2172,0,15.4,84.7
70,S-jaffa-road-02-2,31.7827,35.2158,1,21.3,75.4
70,S-jaffa-road-02-3,31.78345,35.2144,3,12.9,82.9
70,S-jaffa-road-03-1,31.784575,35.212,1,10.5,88.4
70,S-jaffa-road-03-2,31.78495,35.211,1,7.7,91.8
70,S-jaffa-road-03-3,31.785325,35.21,3,4.5,93.1
70,S-jaffa-road-04-1,31.786625,35.2074,3,15.5,81.4
70,S-jaffa-road-04-2,31.78755,35.2058,0,4.8,97.0
70,S-jaffa-road-04-3,31.788475,35.2042,0,22.5,72.7
75,S-jaffa-road-00-1,31.7774,35.226175,0,23.5,69.6
75,S-jaffa-road-00-2,31.7781,35.22495,0,15.2,83.9
75,S-jaffa-road-00-3,31.7788,35.223725,4,14.7,83.1
75,S-jaffa-road-01-1,31.779925,35.221525,1,24.2,68.6
75,S-jaffa-road-01-2,31.78035,35.22055,2,24.8,66.0
75,S-jaffa-road-01-3,31.780775,35.219575,1,16.1,77.4
75,S-jaffa-road-02-1,31.78195,35.2172,2,14.5,84.3
75,S-jaffa-road-02-2,31.7827,35.2158,0,10.6,85.3
75,S-jaffa-road-02-3,31.78345,35.2144,1,18.4,78.8
75,S-jaffa-road-03-1,31.784575,35.212,2,10.0,85.8
75,S-jaffa-road-03-2,31.78495,35.211,3,19.2,76.9
75,S-jaffa-road-03-3,31.785325,35.21,1,22.9,71.6
75,S-jaffa-road-04-1,31.786625,35.2074,1,4.4,93.1
75,S-jaffa-road-04-2,31.78755,35.2058,1,6.5,92.8
75,S-jaffa-road-04-3,31.788475,35.2042,2,4.0,97.0
80,S-jaffa-road-00-1,31.7774,35.226175,2,8.5,89.7
80,S-jaffa-road-00-2,31.7781,35.22495,2,24.9,69.3
80,S-jaffa-road-00-3,31.7788,35.223725,2,4.0,97.0
80,S-jaffa-road-01-1,31.779925,35.221525,2,20.8,70.9
80,S-jaffa-road-01-2,31.78035,35.22055,2,20.8,78.2
80,S-jaffa-road-01-3,31.780775,35.219575,3,10.9,88.2
80,S-jaffa-road-02-1,31.78195,35.2172,0,8.9,92.5
80,S-jaffa-road-02-2,31.7827,35.2158,2,16.2,81.9
80,S-jaffa-road-02-3,31.78345,35.2144,2,4.0,96.1
80,S-jaffa-road-03-1,31.784575,35.212,2,17.1,81.0
80,S-jaffa-road-03-2,31.78495,35.211,1,12.9,86.2
80,S-jaffa-road-03-3,31.785325,35.21,0,4.0,97.0
80,S-jaffa-road-04-1,31.786625,35.2074,2,4.0,94.9
80,S-jaffa-road-04-2,31.78755,35.2058,0,13.1,81.1
80,S-jaffa-road-04-3,31.788475,35.2042,5,8.7,90.9
85,S-jaffa-road-00-1,31.7774,35.226175,2,20.3,75.8
85,S-jaffa-road-00-2,31.7781,35.22495,2,9.1,92.0
85,S-jaffa-road-00-3,31.7788,35.223725,2,14.1,82.7
85,S-jaffa-road-01-1,31.779925,35.221525,3,11.3,87.5
85,S-jaffa-road-01-2,31.78035,35.22055,1,18.6,78.1
85,S-jaffa-road-01-3,31.780775,35.219575,2,6.4,92.0
85,S-jaffa-road-02-1,31.78195,35.2172,1,14.4,85.0
85,S-jaffa-road-02-2,31.7827,35.2158,3,6.0,93.7
85,S-jaffa-road-02-3,31.78345,35.2144,2,8.7,90.0
85,S-jaffa-road-03-1,31.784575,35.212,1,11.0,89.1
85,S-jaffa-road-03-2,31.78495,35.211,1,4.0,97.0
85,S-jaffa-road-03-3,31.785325,35.21,1,19.7,74.3
85,S-jaffa-road-04-1,31.786625,35.2074,2,4.0,97.0
85,S-jaffa-road-04-2,31.78755,35.2058,1,15.8,80.8
85,S-jaffa-road-04-3,31.788475,35.2042,1,19.8,77.1
90,S-jaffa-road-00-1,31.7774,35.226175,1,18.2,77.9
90,S-jaffa-road-00-2,31.7781,35.22495,1,10.6,85.4
90,S-jaffa-road-00-3,31.7788,35.223725,1,4.0,97.0
90,S-jaffa-road-01-1,31.779925,35.221525,2,13.6,84.4
90,S-jaffa-road-01-2,31.78035,35.22055,3,4.0,94.4
90,S-jaffa-road-01-3,31.780775,35.219575,0,20.9,75.6
90,S-jaffa-road-02-1,31.78195,35.2172,2,15.5,85.3
90,S-jaffa-road-02-2,31.7827,35.2158,2,21.0,77.8
90,S-jaffa-road-02-3,31.78345,35.2144,1,20.0,76.5
90,S-jaffa-road-03-1,31.784575,35.212,2,14.3,84.3
90,S-jaffa-road-03-2,31.78495,35.211,2,9.6,87.0
90,S-jaffa-road-03-3,31.785325,35.21,1,13.8,86.6
90,S-jaffa-road-04-1,31.786625,35.2074,4,18.7,79.3
90,S-jaffa-road-04-2,31.78755,35.2058,2,4.6,95.1
90,S-jaffa-road-04-3,31.788475,35.2042,1,8.4,90.1
95,S-jaffa-road-00-1,31.7774,35.226175,0,19.6,75.4
95,S-jaffa-road-00-2,31.7781,35.22495,4,9.4,89.8
95,S-jaffa-road-00-3,31.7788,35.223725,1,19.0,77.8
95,S-jaffa-road-01-1,31.779925,35.221525,3,14.6,81.5
95,S-jaffa-road-01-2,31.78035,35.22055,0,18.1,77.0
95,S-jaffa-road-01-3,31.780775,35.219575,1,4.0,95.4
95,S-jaffa-road-02-1,31.78195,35.2172,0,6.4,91.1
95,S-jaffa-road-02-2,31.7827,35.2158,4,8.7,89.3
95,S-jaffa-road-02-3,31.78345,35.2144,0,18.0,81.1
95,S-jaffa-road-03-1,31.784575,35.212,3,11.5,84.6
95,S-jaffa-road-03-2,31.78495,35.211,2,19.3,74.4
95,S-jaffa-road-03-3,31.785325,35.21,0,16.1,80.6
95,S-jaffa-road-04-1,31.786625,35.2074,3,4.0,96.0
95,S-jaffa-road-04-2,31.78755,35.2058,1,16.4,77.9
95,S-jaffa-road-04-3,31.788475,35.2042,1,5.6,92.6
100,S-jaffa-road-00-1,31.7774,35.226175,4,14.3,82.1
100,S-jaffa-road-00-2,31.7781,35.22495,2,13.5,83.6
100,S-jaffa-road-00-3,31.7788,35.223725,1,18.6,78.5
100,S-jaffa-road-01-1,31.779925,35.221525,1,6.3,95.4
100,S-jaffa-road-01-2,31.78035,35.22055,0,4.0,95.4
100,S-jaffa-road-01-3,31.780775,35.219575,0,17.5,77.6
100,S-jaffa-road-02-1,31.78195,35.2172,2,16.1,80.6
100,S-jaffa-road-02-2,31.7827,35.2158,0,6.2,92.6
100,S-jaffa-road-02-3,31.78345,35.2144,1,20.4,77.3
100,S-jaffa-road-03-1,31.784575,35.212,2,13.6,81.9
100,S-jaffa-road-03-2,31.78495,35.211,0,16.2,80.4
100,S-jaffa-road-03-3,31.785325,35.21,1,12.7,82.3
100,S-jaffa-road-04-1,31.786625,35.2074,0,10.3,88.1
100,S-jaffa-road-04-2,31.78755,35.2058,1,17.4,74.7
100,S-jaffa-road-04-3,31.788475,35.2042,2,12.7,86.0
105,S-jaffa-road-00-1,31.7774,35.226175,0,13.5,85.3
105,S-jaffa-road-00-2,31.7781,35.22495,2,10.0,86.3
105,S-jaffa-road-00-3,31.7788,35.223725,2,20.9,73.8
105,S-jaffa-road-01-1,31.779925,35.221525,1,4.0,97.0
105,S-jaffa-road-01-2,31.78035,35.22055,4,21.2,74.2
105,S-jaffa-road-01-3,31.780775,35.219575,3,4.0,97.0
105,S-jaffa-road-02-1,31.78195,35.2172,0,8.3,88.5
105,S-jaffa-road-02-2,31.7827,35.2158,1,12.1,86.2
105,S-jaffa-road-02-3,31.78345,35.2144,2,19.2,76.5
105,S-jaffa-road-03-1,31.784575,35.212,1,16.8,79.6
105,S-jaffa-road-03-2,31.78495,35.211,2,5.3,93.1
105,S-jaffa-road-03-3,31.785325,35.21,0,14.4,80.4
105,S-jaffa-road-04-1,31.786625,35.2074,0,12.8,83.2
105,S-jaffa-road-04-2,31.78755,35.2058,2,10.8,85.1
105,S-jaffa-road-04-3,31.788475,35.2042,0,14.2,81.3
110,S-jaffa-road-00-1,31.7774,35.226175,1,13.2,88.1
110,S-jaffa-road-00-2,31.7781,35.22495,1,4.0,97.0
110,S-jaffa-road-00-3,31.7788,35.223725,1,4.0,97.0
110,S-jaffa-road-01-1,31.779925,35.221525,2,7.9,92.3
110,S-jaffa-road-01-2,31.78035,35.22055,1,4.0,97.0
110,S-jaffa-road-01-3,31.780775,35.219575,1,10.4,89.1
110,S-jaffa-road-02-1,31.78195,35.2172,0,4.0,97.0
110,S-jaffa-road-02-2,31.7827,35.2158,3,9.0,86.7
110,S-jaffa-road-02-3,31.78345,35.2144,1,14.6,84.6
110,S-jaffa-road-03-1,31.784575,35.212,1,6.2,91.7
110,S-jaffa-road-03-2,31.78495,35.211,1,19.6,78.2
110,S-jaffa-road-03-3,31.785325,35.21,1,14.9,81.8
110,S-jaffa-road-04-1,31.786625,35.2074,2,18.6,78.3
110,S-jaffa-road-04-2,31.78755,35.2058,2,21.2,75.1
110,S-jaffa-road-04-3,31.788475,35.2042,2,26.8,67.3
115,S-jaffa-road-00-1,31.7774,35.226175,2,26.4,69.4
115,S-jaffa-road-00-2,31.7781,35.22495,0,13.0,87.2
115,S-jaffa-road-00-3,31.7788,35.223725,2,4.0,96.1
115,S-jaffa-road-01-1,31.779925,35.221525,3,12.4,85.1
115,S-jaffa-road-01-2,31.78035,35.22055,1,12.1,85.8
115,S-jaffa-road-01-3,31.780775,35.219575,2,4.0,97.0
115,S-jaffa-road-02-1,31.78195,35.2172,1,20.0,76.0
115,S-jaffa-road-02-2,31.7827,35.2158,1,15.6,82.6
115,S-jaffa-road-02-3,31.78345,35.2144,3,4.0,97.0
115,S-jaffa-road-03-1,31.784575,35.212,0,16.6,81.2
115,S-jaffa-road-03-2,31.78495,35.211,3,12.7,85.0
115,S-jaffa-road-03-3,31.785325,35.21,0,14.5,85.4
115,S-jaffa-road-04-1,31.786625,35.2074,0,10.7,84.6
115,S-jaffa-road-04-2,31.78755,35.2058,3,12.0,86.0
115,S-jaffa-road-04-3,31.788475,35.2042,0,11.6,83.4
120,S-jaffa-road-00-1,31.7774,35.226175,1,26.0,70.7
120,S-jaffa-road-00-2,31.7781,35.22495,1,10.6,91.8
120,S-jaffa-road-00-3,31.7788,35.223725,1,18.4,79.5
120,S-jaffa-road-01-1,31.779925,35.221525,3,12.4,84.8
120,S-jaffa-road-01-2,31.78035,35.22055,2,24.7,70.5
120,S-jaffa-road-01-3,31.780775,35.219575,1,8.2,92.8
120,S-jaffa-road-02-1,31.78195,35.2172,0,4.0,97.0
120,S-jaffa-road-02-2,31.7827,35.2158,0,4.2,97.0
120,S-jaffa-road-02-3,31.78345,35.2144,0,4.0,97.0
120,S-jaffa-road-03-1,31.784575,35.212,0,17.7,80.2
120,S-jaffa-road-03-2,31.78495,35.211,0,17.8,77.6
120,S-jaffa-road-03-3,31.785325,35.21,1,22.3,74.4
120,S-jaffa-road-04-1,31.786625,35.2074,0,17.2,77.1
120,S-jaffa-road-04-2,31.78755,35.2058,2,15.0,80.2
120,S-jaffa-road-04-3,31.788475,35.2042,1,6.1,94.4
125,S-jaffa-road-00-1,31.7774,35.226175,2,14.7,78.9
125,S-jaffa-road-00-2,31.7781,35.22495,1,6.0,90.8
125,S-jaffa-road-00-3,31.7788,35.223725,2,16.0,83.3
125,S-jaffa-road-01-1,31.779925,35.221525,3,7.1,91.1
125,S-jaffa-road-01-2,31.78035,35.22055,1,16.9,82.4
125,S-jaffa-road-01-3,31.780775,35.219575,1,7.4,93.5
125,S-jaffa-road-02-1,31.78195,35.2172,2,4.0,97.0
125,S-jaffa-road-02-2,31.7827,35.2158,1,4.0,97.0
125,S-jaffa-road-02-3,31.78345,35.2144,0,4.0,97.0
125,S-jaffa-road-03-1,31.784575,35.212,3,12.4,87.3
125,S-jaffa-road-03-2,31.78495,35.211,2,12.1,85.3
125,S-jaffa-road-03-3,31.785325,35.21,2,18.5,78.3
125,S-jaffa-road-04-1,31.786625,35.2074,1,18.3,77.7
125,S-jaffa-road-04-2,31.78755,35.2058,2,12.2,84.5
125,S-jaffa-road-04-3,31.788475,35.2042,0,9.6,92.0
130,S-jaffa-road-00-1,31.7774,35.226175,2,16.1,79.5
130,S-jaffa-road-00-2,31.7781,35.22495,0,10.3,88.7
130,S-jaffa-road-00-3,31.7788,35.223725,1,10.7,87.1
130,S-jaffa-road-01-1,31.779925,35.221525,0,4.0,97.0
130,S-jaffa-road-01-2,31.78035,35.22055,1,18.9,78.5
130,S-jaffa-road-01-3,31.780775,35.219575,2,7.1,90.2
130,S-jaffa-road-02-1,31.78195,35.2172,1,4.0,97.0
130,S-jaffa-road-02-2,31.7827,35.2158,0,4.6,97.0
130,S-jaffa-road-02-3,31.78345,35.2144,0,4.0,97.0
130,S-jaffa-road-03-1,31.784575,35.212,3,22.5,73.3
130,S-jaffa-road-03-2,31.78495,35.211,1,14.2,84.8
130,S-jaffa-road-03-3,31.785325,35.21,2,13.0,85.2
130,S-jaffa-road-04-1,31.786625,35.2074,0,12.9,84.8
130,S-jaffa-road-04-2,31.78755,35.2058,0,16.6,78.2
130,S-jaffa-road-04-3,31.788475,35.2042,2,16.5,82.6
135,S-jaffa-road-00-1,31.7774,35.226175,1,8.0,92.8
135,S-jaffa-road-00-2,31.7781,35.22495,1,7.9,92.3
135,S-jaffa-road-00-3,31.7788,35.223725,4,11.4,83.9
135,S-jaffa-road-01-1,31.779925,35.221525,1,4.0,96.7
135,S-jaffa-road-01-2,31.78035,35.22055,0,16.9,78.6
135,S-jaffa-road-01-3,31.780775,35.219575,0,18.5,75.7
135,S-jaffa-road-02-1,31.78195,35.2172,0,4.0,97.0
135,S-jaffa-road-02-2,31.7827,35.2158,4,4.8,97.0
135,S-jaffa-road-02-3,31.78345,35.2144,2,4.8,97.0
135,S-jaffa-road-03-1,31.784575,35.212,1,10.9,84.6
135,S-jaffa-road-03-2,31.78495,35.211,3,13.1,85.3
135,S-jaffa-road-03-3,31.785325,35.21,2,4.4,97.0
135,S-jaffa-road-04-1,31.786625,35.2074,0,18.7,78.1
135,S-jaffa-road-04-2,31.78755,35.2058,1,23.8,67.4
135,S-jaffa-road-04-3,31.788475,35.2042,0,17.2,78.1
140,S-jaffa-road-00-1,31.7774,35.226175,2,14.2,84.3
140,S-jaffa-road-00-2,31.7781,35.22495,1,9.8,88.2
140,S-jaffa-road-00-3,31.7788,35.223725,1,4.0,94.2
140,S-jaffa-road-01-1,31.779925,35.221525,1,20.9,77.3
140,S-jaffa-road-01-2,31.78035,35.22055,1,19.8,74.5
140,S-jaffa-road-01-3,31.780775,35.219575,0,21.5,73.4
140,S-jaffa-road-02-1,31.78195,35.2172,1,4.0,97.0
140,S-jaffa-road-02-2,31.7827,35.2158,0,4.0,97.0
140,S-jaffa-road-02-3,31.78345,35.2144,0,4.0,97.0
140,S-jaffa-road-03-1,31.784575,35.212,0,18.0,74.6
140,S-jaffa-road-03-2,31.78495,35.211,2,7.5,89.0
140,S-jaffa-road-03-3,31.785325,35.21,2,12.2,87.1
140,S-jaffa-road-04-1,31.786625,35.2074,2,15.8,81.5
140,S-jaffa-road-04-2,31.78755,35.2058,1,4.0,97.0
140,S-jaffa-road-04-3,31.788475,35.2042,1,15.2,85.6
145,S-jaffa-road-00-1,31.7774,35.226175,2,10.5,84.9
145,S-jaffa-road-00-2,31.7781,35.22495,2,5.1,97.0
145,S-jaffa-road-00-3,31.7788,35.223725,1,11.7,85.3
145,S-jaffa-road-01-1,31.779925,35.221525,2,9.4,88.3
145,S-jaffa-road-01-2,31.78035,35.22055,3,13.7,85.9
145,S-jaffa-road-01-3,31.780775,35.219575,1,4.5,96.4
145,S-jaffa-road-02-1,31.78195,35.2172,0,4.0,97.0
145,S-jaffa-road-02-2,31.7827,35.2158,0,4.0,97.0
145,S-jaffa-road-02-3,31.78345,35.2144,1,4.0,97.0
145,S-jaffa-road-03-1,31.784575,35.212,0,7.0,91.4
145,S-jaffa-road-03-2,31.78495,35.211,1,18.7,74.4
145,S-jaffa-road-03-3,31.785325,35.21,1,9.3,86.6
145,S-jaffa-road-04-1,31.786625,35.2074,0,17.5,77.3
145,S-jaffa-road-04-2,31.78755,35.2058,1,8.8,92.3
145,S-jaffa-road-04-3,31.788475,35.2042,3,5.5,97.0
150,S-jaffa-road-00-1,31.7774,35.226175,1,14.7,80.7
150,S-jaffa-road-00-2,31.7781,35.22495,3,7.9,92.5
150,S-jaffa-road-00-3,31.7788,35.223725,2,14.2,84.3
150,S-jaffa-road-01-1,31.779925,35.221525,2,11.7,86.3
150,S-jaffa-road-01-2,31.78035,35.22055,0,15.1,84.6
150,S-jaffa-road-01-3,31.780775,35.219575,2,12.5,83.3
150,S-jaffa-road-02-1,31.78195,35.2172,1,4.0,97.0
150,S-jaffa-road-02-2,31.7827,35.2158,2,4.0,97.0
150,S-jaffa-road-02-3,31.78345,35.2144,0,4.0,97.0
150,S-jaffa-road-03-1,31.784575,35.212,1,11.2,86.8
150,S-jaffa-road-03-2,31.78495,35.211,3,16.4,80.1
150,S-jaffa-road-03-3,31.785325,35.21,1,26.0,67.4
150,S-jaffa-road-04-1,31.786625,35.2074,1,20.3,76.3
150,S-jaffa-road-04-2,31.78755,35.2058,0,15.3,81.3
150,S-jaffa-road-04-3,31.788475,35.2042,2,24.0,70.5
155,S-jaffa-road-00-1,31.7774,35.226175,1,17.3,77.4
155,S-jaffa-road-00-2,31.7781,35.22495,1,8.5,88.6
155,S-jaffa-road-00-3,31.7788,35.223725,2,9.6,90.0
155,S-jaffa-road-01-1,31.779925,35.221525,2,6.1,92.9
155,S-jaffa-road-01-2,31.78035,35.22055,0,6.1,96.2
155,S-jaffa-road-01-3,31.780775,35.219575,1,12.2,82.5
155,S-jaffa-road-02-1,31.78195,35.2172,1,4.0,97.0
155,S-jaffa-road-02-2,31.7827,35.2158,0,4.0,97.0
155,S-jaffa-road-02-3,31.78345,35.2144,0,4.0,97.0
155,S-jaffa-road-03-1,31.784575,35.212,0,14.7,82.2
155,S-jaffa-road-03-2,31.78495,35.211,4,12.7,86.0
155,S-jaffa-road-03-3,31.785325,35.21,2,12.2,86.3
155,S-jaffa-road-04-1,31.786625,35.2074,2,11.3,88.2
155,S-jaffa-road-04-2,31.78755,35.2058,1,19.5,72.8
155,S-jaffa-road-04-3,31.788475,35.2042,1,4.0,97.0
160,S-jaffa-road-00-1,31.7774,35.226175,1,12.9,84.8
160,S-jaffa-road-00-2,31.7781,35.22495,1,13.4,85.4
160,S-jaffa-road-00-3,31.7788,35.223725,2,27.0,67.9
160,S-jaffa-road-01-1,31.779925,35.221525,2,4.0,96.4
160,S-jaffa-road-01-2,31.78035,35.22055,0,17.8,81.7
160,S-jaffa-road-01-3,31.780775,35.219575,1,7.3,90.6
160,S-jaffa-road-02-1,31.78195,35.2172,0,4.0,97.0
160,S-jaffa-road-02-2,31.7827,35.2158,2,4.0,97.0
160,S-jaffa-road-02-3,31.78345,35.2144,1,4.0,97.0
160,S-jaffa-road-03-1,31.784575,35.212,1,4.0,97.0
160,S-jaffa-road-03-2,31.78495,35.211,0,15.7,81.2
160,S-jaffa-road-03-3,31.785325,35.21,3,17.3,79.0
160,S-jaffa-road-04-1,31.786625,35.2074,3,12.4,85.8
160,S-jaffa-road-04-2,31.78755,35.2058,2,7.1,92.5
160,S-jaffa-road-04-3,31.788475,35.2042,3,16.6,77.6
165,S-jaffa-road-00-1,31.7774,35.226175,1,11.7,84.7
165,S-jaffa-road-00-2,31.7781,35.22495,0,7.2,92.0
165,S-jaffa-road-00-3,31.7788,35.223725,1,4.5,96.0
165,S-jaffa-road-01-1,31.779925,35.221525,0,13.3,80.9
165,S-jaffa-road-01-2,31.78035,35.22055,1,17.2,77.5
165,S-jaffa-road-01-3,31.780775,35.219575,0,8.6,91.1
165,S-jaffa-road-02-1,31.78195,35.2172,1,4.0,97.0
165,S-jaffa-road-02-2,31.7827,35.2158,1,4.0,97.0
165,S-jaffa-road-02-3,31.78345,35.2144,0,4.0,97.0
165,S-jaffa-road-03-1,31.784575,35.212,0,17.4,78.8
165,S-jaffa-road-03-2,31.78495,35.211,0,4.0,96.8
165,S-jaffa-road-03-3,31.785325,35.21,3,17.1,80.2
165,S-jaffa-road-04-1,31.786625,35.2074,2,8.1,89.0
165,S-jaffa-road-04-2,31.78755,35.2058,4,7.4,91.5
165,S-jaffa-road-04-3,31.788475,35.2042,2,7.5,90.3
170,S-jaffa-road-00-1,31.7774,35.226175,2,6.0,91.8
170,S-jaffa-road-00-2,31.7781,35.22495,3,16.3,81.6
170,S-jaffa-road-00-3,31.7788,35.223725,1,10.1,85.6
170,S-jaffa-road-01-1,31.779925,35.221525,1,10.5,86.0
170,S-jaffa-road-01-2,31.78035,35.22055,1,15.3,81.2
170,S-jaffa-road-01-3,31.780775,35.219575,2,15.3,81.3
170,S-jaffa-road-02-1,31.78195,35.2172,0,4.0,97.0
170,S-jaffa-road-02-2,31.7827,35.2158,0,4.0,97.0
170,S-jaffa-road-02-3,31.78345,35.2144,0,4.0,97.0
170,S-jaffa-road-03-1,31.784575,35.212,1,4.0,97.0
170,S-jaffa-road-03-2,31.78495,35.211,0,16.0,81.6
170,S-jaffa-road-03-3,31.785325,35.21,3,5.4,97.0
170,S-jaffa-road-04-1,31.786625,35.2074,0,18.7,79.6
170,S-jaffa-road-04-2,31.78755,35.2058,2,15.2,78.5
170,S-jaffa-road-04-3,31.788475,35.2042,1,5.8,95.1
175,S-jaffa-road-00-1,31.7774,35.226175,2,11.6,86.7
175,S-jaffa-road-00-2,31.7781,35.22495,1,4.0,97.0
175,S-jaffa-road-00-3,31.7788,35.223725,1,8.7,91.9
175,S-jaffa-road-01-1,31.779925,35.221525,1,4.0,97.0
175,S-jaffa-road-01-2,31.78035,35.22055,1,12.4,88.7
175,S-jaffa-road-01-3,31.780775,35.219575,2,19.1,78.5
175,S-jaffa-road-02-1,31.78195,35.2172,0,4.0,97.0
175,S-jaffa-road-02-2,31.7827,35.2158,0,4.0,97.0
175,S-jaffa-road-02-3,31.78345,35.2144,2,4.0,97.0
175,S-jaffa-road-03-1,31.784575,35.212,3,4.0,96.8
175,S-jaffa-road-03-2,31.78495,35.211,0,14.2,83.1
175,S-jaffa-road-03-3,31.785325,35.21,0,6.5,92.4
175,S-jaffa-road-04-1,31.786625,35.2074,4,9.7,87.4
175,S-jaffa-road-04-2,31.78755,35.2058,0,7.8,92.0
175,S-jaffa-road-04-3,31.788475,35.2042,0,4.0,97.0
180,S-jaffa-road-00-1,31.7774,35.226175,0,7.9,89.0
180,S-jaffa-road-00-2,31.7781,35.22495,1,23.8,72.7
180,S-jaffa-road-00-3,31.7788,35.223725,2,26.2,67.0
180,S-jaffa-road-01-1,31.779925,35.221525,2,4.0,97.0
180,S-jaffa-road-01-2,31.78035,35.22055,1,18.9,78.6
180,S-jaffa-road-01-3,31.780775,35.219575,2,18.5,76.1
180,S-jaffa-road-02-1,31.78195,35.2172,0,4.0,97.0
180,S-jaffa-road-02-2,31.7827,35.2158,0,5.2,97.0
180,S-jaffa-road-02-3,31.78345,35.2144,0,4.1,97.0
180,S-jaffa-road-03-1,31.784575,35.212,2,13.8,83.1
180,S-jaffa-road-03-2,31.78495,35.211,0,6.3,92.2
180,S-jaffa-road-03-3,31.785325,35.21,1,17.7,76.7
180,S-jaffa-road-04-1,31.786625,35.2074,1,5.8,92.0
180,S-jaffa-road-04-2,31.78755,35.2058,1,26.4,64.7
180,S-jaffa-road-04-3,31.788475,35.2042,1,13.9,83.2
185,S-jaffa-road-00-1,31.7774,35.226175,1,16.3,77.7
185,S-jaffa-road-00-2,31.7781,35.22495,1,8.6,92.7
185,S-jaffa-road-00-3,31.7788,35.223725,2,10.8,87.3
185,S-jaffa-road-01-1,31.779925,35.221525,0,10.9,86.3
185,S-jaffa-road-01-2,31.78035,35.22055,1,16.9,76.8
185,S-jaffa-road-01-3,31.780775,35.219575,1,11.1,86.8
185,S-jaffa-road-02-1,31.78195,35.2172,0,4.0,97.0
185,S-jaffa-road-02-2,31.7827,35.2158,1,4.4,97.0
185,S-jaffa-road-02-3,31.78345,35.2144,0,4.0,97.0
185,S-jaffa-road-03-1,31.784575,35.212,1,21.2,73.6
185,S-jaffa-road-03-2,31.78495,35.211,0,14.2,84.4
185,S-jaffa-road-03-3,31.785325,35.21,1,19.4,76.0
185,S-jaffa-road-04-1,31.786625,35.2074,0,4.0,97.0
185,S-jaffa-road-04-2,31.78755,35.2058,2,15.9,81.4
185,S-jaffa-road-04-3,31.788475,35.2042,4,15.9,79.8
190,S-jaffa-road-00-1,31.7774,35.226175,1,8.5,88.1
190,S-jaffa-road-00-2,31.7781,35.22495,0,4.0,97.0
190,S-jaffa-road-00-3,31.7788,35.223725,0,13.6,82.3
190,S-jaffa-road-01-1,31.779925,35.221525,1,11.1,83.7
190,S-jaffa-road-01-2,31.78035,35.22055,3,4.0,94.8
190,S-jaffa-road-01-3,31.780775,35.219575,0,10.6,86.1
190,S-jaffa-road-02-1,31.78195,35.2172,0,4.0,97.0
190,S-jaffa-road-02-2,31.7827,35.2158,1,4.0,97.0
190,S-jaffa-road-02-3,31.78345,35.2144,3,4.0,97.0
190,S-jaffa-road-03-1,31.784575,35.212,1,20.7,74.4
190,S-jaffa-road-03-2,31.78495,35.211,2,16.3,82.1
190,S-jaffa-road-03-3,31.785325,35.21,1,11.9,87.5
190,S-jaffa-road-04-1,31.786625,35.2074,1,10.0,89.1
190,S-jaffa-road-04-2,31.78755,35.2058,0,5.7,96.0
190,S-jaffa-road-04-3,31.788475,35.2042,2,16.8,77.9
195,S-jaffa-road-00-1,31.7774,35.226175,2,15.3,79.1
195,S-jaffa-road-00-2,31.7781,35.22495,0,12.2,86.1
195,S-jaffa-road-00-3,31.7788,35.223725,0,4.0,97.0
195,S-jaffa-road-01-1,31.779925,35.221525,2,11.5,87.0
195,S-jaffa-road-01-2,31.78035,35.22055,4,17.3,75.8
195,S-jaffa-road-01-3,31.780775,35.219575,1,22.8,75.0
195,S-jaffa-road-02-1,31.78195,35.2172,1,4.0,97.0
195,S-jaffa-road-02-2,31.7827,35.2158,0,4.0,97.0
195,S-jaffa-road-02-3,31.78345,35.2144,0,4.0,97.0
195,S-jaffa-road-03-1,31.784575,35.212,3,6.3,90.4
195,S-jaffa-road-03-2,31.78495,35.211,5,9.6,90.3
195,S-jaffa-road-03-3,31.785325,35.21,1,12.8,87.6
195,S-jaffa-road-04-1,31.786625,35.2074,1,4.0,97.0
195,S-jaffa-road-04-2,31.78755,35.2058,1,18.2,76.8
195,S-jaffa-road-04-3,31.788475,35.2042,1,4.0,97.0
200,S-jaffa-road-00-1,31.7774,35.226175,0,5.8,95.0
200,S-jaffa-road-00-2,31.7781,35.22495,0,26.0,69.2
200,S-jaffa-road-00-3,31.7788,35.223725,2,15.8,80.9
200,S-jaffa-road-01-1,31.779925,35.221525,4,8.0,90.3
200,S-jaffa-road-01-2,31.78035,35.22055,1,22.6,69.0
200,S-jaffa-road-01-3,31.780775,35.219575,1,4.0,95.7
200,S-jaffa-road-02-1,31.78195,35.2172,2,4.7,97.0
200,S-jaffa-road-02-2,31.7827,35.2158,0,4.0,97.0
200,S-jaffa-road-02-3,31.78345,35.2144,1,4.0,97.0
200,S-jaffa-road-03-1,31.784575,35.212,1,18.8,79.7
200,S-jaffa-road-03-2,31.78495,35.211,0,13.5,82.7
200,S-jaffa-road-03-3,31.785325,35.21,0,18.3,76.9
200,S-jaffa-road-04-1,31.786625,35.2074,0,20.0,77.9
200,S-jaffa-road-04-2,31.78755,35.2058,1,8.0,89.8
200,S-jaffa-road-04-3,31.788475,35.2042,0,7.8,91.3
205,S-jaffa-road-00-1,31.7774,35.226175,1,13.1,85.1
205,S-jaffa-road-00-2,31.7781,35.22495,1,17.0,80.0
205,S-jaffa-road-00-3,31.7788,35.223725,3,21.2,77.1
205,S-jaffa-road-01-1,31.779925,35.221525,1,5.7,96.3
205,S-jaffa-road-01-2,31.78035,35.22055,1,17.8,76.2
205,S-jaffa-road-01-3,31.780775,35.219575,2,8.3,92.5
205,S-jaffa-road-02-1,31.78195,35.2172,1,4.0,97.0
205,S-jaffa-road-02-2,31.7827,35.2158,2,4.0,97.0
205,S-jaffa-road-02-3,31.78345,35.2144,0,4.0,97.0
205,S-jaffa-road-03-1,31.784575,35.212,0,15.3,82.4
205,S-jaffa-road-03-2,31.78495,35.211,1,9.7,86.4
205,S-jaffa-road-03-3,31.785325,35.21,0,9.1,88.4
205,S-jaffa-road-04-1,31.786625,35.2074,3,6.5,90.6
205,S-jaffa-road-04-2,31.78755,35.2058,0,7.8,91.2
205,S-jaffa-road-04-3,31.788475,35.2042,1,14.5,80.6
210,S-jaffa-road-00-1,31.7774,35.226175,3,17.5,76.7
210,S-jaffa-road-00-2,31.7781,35.22495,2,4.0,97.0
210,S-jaffa-road-00-3,31.7788,35.223725,0,10.4,85.9
210,S-jaffa-road-01-1,31.779925,35.221525,2,4.0,94.9
210,S-jaffa-road-01-2,31.78035,35.22055,1,15.9,81.5
210,S-jaffa-road-01-3,31.780775,35.219575,5,19.5,79.7
210,S-jaffa-road-02-1,31.78195,35.2172,0,4.6,97.0
210,S-jaffa-road-02-2,31.7827,35.2158,0,4.1,97.0
210,S-jaffa-road-02-3,31.78345,35.2144,1,4.0,97.0
210,S-jaffa-road-03-1,31.784575,35.212,2,12.2,87.5
210,S-jaffa-road-03-2,31.78495,35.211,0,16.2,80.4
210,S-jaffa-road-03-3,31.785325,35.21,1,8.5,91.4
210,S-jaffa-road-04-1,31.786625,35.2074,1,14.3,84.2
210,S-jaffa-road-04-2,31.78755,35.2058,0,22.5,74.4
210,S-jaffa-road-04-3,31.788475,35.2042,1,9.8,85.1
215,S-jaffa-road-00-1,31.7774,35.226175,3,9.6,86.7
215,S-jaffa-road-00-2,31.7781,35.22495,1,22.6,69.0
215,S-jaffa-road-00-3,31.7788,35.223725,4,15.4,82.0
215,S-jaffa-road-01-1,31.779925,35.221525,0,14.5,85.4
215,S-jaffa-road-01-2,31.78035,35.22055,0,12.3,84.6
215,S-jaffa-road-01-3,31.780775,35.219575,1,13.7,84.8
215,S-jaffa-road-02-1,31.78195,35.2172,0,5.8,97.0
215,S-jaffa-road-02-2,31.7827,35.2158,0,4.0,97.0
215,S-jaffa-road-02-3,31.78345,35.2144,0,4.0,97.0
215,S-jaffa-road-03-1,31.784575,35.212,3,11.3,88.6
215,S-jaffa-road-03-2,31.78495,35.211,1,22.5,70.2
215,S-jaffa-road-03-3,31.785325,35.21,0,10.5,88.1
215,S-jaffa-road-04-1,31.786625,35.2074,0,11.0,87.7
215,S-jaffa-road-04-2,31.78755,35.2058,0,18.2,78.2
215,S-jaffa-road-04-3,31.788475,35.2042,1,10.2,91.4
220,S-jaffa-road-00-1,31.7774,35.226175,1,11.2,86.3
220,S-jaffa-road-00-2,31.7781,35.22495,3,15.7,80.8
220,S-jaffa-road-00-3,31.7788,35.223725,1,4.0,95.0
220,S-jaffa-road-01-1,31.779925,35.221525,4,8.7,91.7
220,S-jaffa-road-01-2,31.78035,35.22055,1,8.2,88.2
220,S-jaffa-road-01-3,31.780775,35.219575,0,18.0,78.8
220,S-jaffa-road-02-1,31.78195,35.2172,0,4.1,97.0
220,S-jaffa-road-02-2,31.7827,35.2158,1,4.0,97.0
220,S-jaffa-road-02-3,31.78345,35.2144,0,4.0,97.0
220,S-jaffa-road-03-1,31.784575,35.212,1,7.2,89.7
220,S-jaffa-road-03-2,31.78495,35.211,2,10.1,85.6
220,S-jaffa-road-03-3,31.785325,35.21,0,4.0,97.0
220,S-jaffa-road-04-1,31.786625,35.2074,0,20.7,75.4
220,S-jaffa-road-04-2,31.78755,35.2058,0,4.0,94.8
220,S-jaffa-road-04-3,31.788475,35.2042,1,4.9,97.0
225,S-jaffa-road-00-1,31.7774,35.226175,1,9.5,89.1
225,S-jaffa-road-00-2,31.7781,35.22495,2,9.9,88.0
225,S-jaffa-road-00-3,31.7788,35.223725,2,9.6,91.6
225,S-jaffa-road-01-1,31.779925,35.221525,1,11.1,86.1
225,S-jaffa-road-01-2,31.78035,35.22055,2,4.0,97.0
225,S-jaffa-road-01-3,31.780775,35.219575,1,15.1,78.9
225,S-jaffa-road-02-1,31.78195,35.2172,1,4.0,97.0
225,S-jaffa-road-02-2,31.7827,35.2158,0,4.0,97.0
225,S-jaffa-road-02-3,31.78345,35.2144,1,4.0,97.0
225,S-jaffa-road-03-1,31.784575,35.212,4,12.5,86.1
225,S-jaffa-road-03-2,31.78495,35.211,0,9.5,91.4
225,S-jaffa-road-03-3,31.785325,35.21,0,10.4,88.1
225,S-jaffa-road-04-1,31.786625,35.2074,1,7.7,91.5
225,S-jaffa-road-04-2,31.78755,35.2058,0,12.9,86.0
225,S-jaffa-road-04-3,31.788475,35.2042,0,19.3,77.1
230,S-jaffa-road-00-1,31.7774,35.226175,1,4.0,97.0
230,S-jaffa-road-00-2,31.7781,35.22495,5,10.1,88.6
230,S-jaffa-road-00-3,31.7788,35.223725,0,14.2,83.6
230,S-jaffa-road-01-1,31.779925,35.221525,2,10.3,88.4
230,S-jaffa-road-01-2,31.78035,35.22055,2,17.3,81.0
230,S-jaffa-road-01-3,31.780775,35.219575,0,25.0,67.0
230,S-jaffa-road-02-1,31.78195,35.2172,0,4.0,97.0
230,S-jaffa-road-02-2,31.7827,35.2158,0,4.0,97.0
230,S-jaffa-road-02-3,31.78345,35.2144,0,4.6,97.0
230,S-jaffa-road-03-1,31.784575,35.212,2,6.4,91.4
230,S-jaffa-road-03-2,31.78495,35.211,4,16.5,84.3
230,S-jaffa-road-03-3,31.785325,35.21,1,15.5,81.0
230,S-jaffa-road-04-1,31.786625,35.2074,2,5.1,93.8
230,S-jaffa-road-04-2,31.78755,35.2058,0,13.3,83.1
230,S-jaffa-road-04-3,31.788475,35.2042,1,19.7,75.5
235,S-jaffa-road-00-1,31.7774,35.226175,1,19.9,78.1
235,S-jaffa-road-00-2,31.7781,35.22495,2,12.5,85.0
235,S-jaffa-road-00-3,31.7788,35.223725,0,22.4,73.2
235,S-jaffa-road-01-1,31.779925,35.221525,0,17.2,77.4
235,S-jaffa-road-01-2,31.78035,35.22055,4,20.0,76.1
235,S-jaffa-road-01-3,31.780775,35.219575,1,17.4,78.6
235,S-jaffa-road-02-1,31.78195,35.2172,1,4.0,97.0
235,S-jaffa-road-02-2,31.7827,35.2158,0,4.0,97.0
235,S-jaffa-road-02-3,31.78345,35.2144,1,4.0,97.0
235,S-jaffa-road-03-1,31.784575,35.212,2,8.5,91.6
235,S-jaffa-road-03-2,31.78495,35.211,0,17.9,77.0
235,S-jaffa-road-03-3,31.785325,35.21,2,18.0,78.8
235,S-jaffa-road-04-1,31.786625,35.2074,1,16.5,81.3
235,S-jaffa-road-04-2,31.78755,35.2058,2,18.7,79.2
235,S-jaffa-road-04-3,31.788475,35.2042,2,4.0,95.4
240,S-jaffa-road-00-1,31.7774,35.226175,0,18.1,79.8
240,S-jaffa-road-00-2,31.7781,35.22495,1,19.4,74.3
240,S-jaffa-road-00-3,31.7788,35.223725,2,15.8,81.0
240,S-jaffa-road-01-1,31.779925,35.221525,1,12.2,87.1
240,S-jaffa-road-01-2,31.78035,35.22055,1,4.5,97.0
240,S-jaffa-road-01-3,31.780775,35.219575,2,16.8,79.2
240,S-jaffa-road-02-1,31.78195,35.2172,1,4.0,97.0
240,S-jaffa-road-02-2,31.7827,35.2158,0,4.0,97.0
240,S-jaffa-road-02-3,31.78345,35.2144,0,4.0,97.0
240,S-jaffa-road-03-1,31.784575,35.212,1,7.3,93.1
240,S-jaffa-road-03-2,31.78495,35.211,1,13.0,84.7
240,S-jaffa-road-03-3,31.785325,35.21,1,15.3,81.9
240,S-jaffa-road-04-1,31.786625,35.2074,1,24.7,68.2
240,S-jaffa-road-04-2,31.78755,35.2058,3,25.0,70.3
240,S-jaffa-road-04-3,31.788475,35.2042,2,4.0,97.0
245,S-jaffa-road-00-1,31.7774,35.226175,1,12.8,87.4
245,S-jaffa-road-00-2,31.7781,35.22495,0,11.9,85.6
245,S-jaffa-road-00-3,31.7788,35.223725,0,11.5,89.4
245,S-jaffa-road-01-1,31.779925,35.221525,1,14.5,84.9
245,S-jaffa-road-01-2,31.78035,35.22055,2,7.3,91.6
245,S-jaffa-road-01-3,31.780775,35.219575,1,10.6,89.4
245,S-jaffa-road-02-1,31.78195,35.2172,1,4.0,97.0
245,S-jaffa-road-02-2,31.7827,35.2158,1,4.0,97.0
245,S-jaffa-road-02-3,31.78345,35.2144,0,4.0,97.0
245,S-jaffa-road-03-1,31.784575,35.212,1,12.9,88.9
245,S-jaffa-road-03-2,31.78495,35.211,1,13.3,85.4
245,S-jaffa-road-03-3,31.785325,35.21,1,16.8,80.5
245,S-jaffa-road-04-1,31.786625,35.2074,1,7.0,93.3
245,S-jaffa-road-04-2,31.78755,35.2058,3,21.8,70.7
245,S-jaffa-road-04-3,31.788475,35.2042,0,6.8,90.0
250,S-jaffa-road-00-1,31.7774,35.226175,1,4.0,97.0
250,S-jaffa-road-00-2,31.7781,35.22495,1,11.7,84.6
250,S-jaffa-road-00-3,31.7788,35.223725,1,16.4,79.6
250,S-jaffa-road-01-1,31.779925,35.221525,0,5.5,97.0
250,S-jaffa-road-01-2,31.78035,35.22055,0,17.9,78.1
250,S-jaffa-road-01-3,31.780775,35.219575,0,10.1,88.3
250,S-jaffa-road-02-1,31.78195,35.2172,1,4.0,97.0
250,S-jaffa-road-02-2,31.7827,35.2158,0,4.0,97.0
250,S-jaffa-road-02-3,31.78345,35.2144,1,4.0,97.0
250,S-jaffa-road-03-1,31.784575,35.212,1,7.9,90.8
250,S-jaffa-road-03-2,31.78495,35.211,3,12.5,84.8
250,S-jaffa-road-03-3,31.785325,35.21,0,15.3,80.2
250,S-jaffa-road-04-1,31.786625,35.2074,2,6.0,93.3
250,S-jaffa-road-04-2,31.78755,35.2058,1,4.0,97.0
250,S-jaffa-road-04-3,31.788475,35.2042,1,4.0,97.0
255,S-jaffa-road-00-1,31.7774,35.226175,1,12.8,85.6
255,S-jaffa-road-00-2,31.7781,35.22495,2,10.0,87.3
255,S-jaffa-road-00-3,31.7788,35.223725,1,13.0,83.2
255,S-jaffa-road-01-1,31.779925,35.221525,1,20.0,77.6
255,S-jaffa-road-01-2,31.78035,35.22055,2,15.1,81.9
255,S-jaffa-road-01-3,31.780775,35.219575,2,7.5,92.0
255,S-jaffa-road-02-1,31.78195,35.2172,1,5.2,97.0
255,S-jaffa-road-02-2,31.7827,35.2158,1,4.0,97.0
255,S-jaffa-road-02-3,31.78345,35.2144,0,4.0,97.0
255,S-jaffa-road-03-1,31.784575,35.212,1,4.0,97.0
255,S-jaffa-road-03-2,31.78495,35.211,1,13.4,82.6
255,S-jaffa-road-03-3,31.785325,35.21,0,23.2,66.7
255,S-jaffa-road-04-1,31.786625,35.2074,1,4.6,97.0
255,S-jaffa-road-04-2,31.78755,35.2058,3,4.0,97.0
255,S-jaffa-road-04-3,31.788475,35.2042,4,5.6,91.3
260,S-jaffa-road-00-1,31.7774,35.226175,0,8.2,90.8
260,S-jaffa-road-00-2,31.7781,35.22495,1,13.5,82.1
260,S-jaffa-road-00-3,31.7788,35.223725,0,12.5,85.0
260,S-jaffa-road-01-1,31.779925,35.221525,1,12.7,83.1
260,S-jaffa-road-01-2,31.78035,35.22055,0,18.2,80.1
260,S-jaffa-road-01-3,31.780775,35.219575,0,21.4,74.7
260,S-jaffa-road-02-1,31.78195,35.2172,0,4.0,97.0
260,S-jaffa-road-02-2,31.7827,35.2158,0,4.1,97.0
260,S-jaffa-road-02-3,31.78345,35.2144,0,5.0,97.0
260,S-jaffa-road-03-1,31.784575,35.212,1,15.1,83.3
260,S-jaffa-road-03-2,31.78495,35.211,3,20.1,75.6
260,S-jaffa-road-03-3,31.785325,35.21,2,8.2,91.0
260,S-jaffa-road-04-1,31.786625,35.2074,0,20.5,75.3
260,S-jaffa-road-04-2,31.78755,35.2058,0,21.0,76.4
260,S-jaffa-road-04-3,31.788475,35.2042,0,13.3,84.1
265,S-jaffa-road-00-1,31.7774,35.226175,0,9.5,88.7
265,S-jaffa-road-00-2,31.7781,35.22495,2,17.5,78.5
265,S-jaffa-road-00-3,31.7788,35.223725,3,14.2,82.8
265,S-jaffa-road-01-1,31.779925,35.221525,0,4.0,97.0
265,S-jaffa-road-01-2,31.78035,35.22055,2,21.6,76.9
265,S-jaffa-road-01-3,31.780775,35.219575,1,12.7,85.0
265,S-jaffa-road-02-1,31.78195,35.2172,0,4.5,97.0
265,S-jaffa-road-02-2,31.7827,35.2158,1,4.4,97.0
265,S-jaffa-road-02-3,31.78345,35.2144,3,4.0,97.0
265,S-jaffa-road-03-1,31.784575,35.212,0,13.5,86.1
265,S-jaffa-road-03-2,31.78495,35.211,3,18.3,75.8
265,S-jaffa-road-03-3,31.785325,35.21,3,16.3,80.6
265,S-jaffa-road-04-1,31.786625,35.2074,2,11.0,88.1
265,S-jaffa-road-04-2,31.78755,35.2058,2,15.4,85.4
265,S-jaffa-road-04-3,31.788475,35.2042,1,15.8,79.2
270,S-jaffa-road-00-1,31.7774,35.226175,3,25.3,65.5
270,S-jaffa-road-00-2,31.7781,35.22495,1,6.0,94.2
270,S-jaffa-road-00-3,31.7788,35.223725,1,24.2,67.7
270,S-jaffa-road-01-1,31.779925,35.221525,1,20.9,73.4
270,S-jaffa-road-01-2,31.78035,35.22055,2,14.3,84.3
270,S-jaffa-road-01-3,31.780775,35.219575,0,16.1,78.7
270,S-jaffa-road-02-1,31.78195,35.2172,2,5.8,97.0
270,S-jaffa-road-02-2,31.7827,35.2158,0,4.1,97.0
270,S-jaffa-road-02-3,31.78345,35.2144,0,4.0,97.0
270,S-jaffa-road-03-1,31.784575,35.212,2,16.4,78.3
270,S-jaffa-road-03-2,31.78495,35.211,1,14.1,85.6
270,S-jaffa-road-03-3,31.785325,35.21,2,16.9,79.4
270,S-jaffa-road-04-1,31.786625,35.2074,1,20.1,76.2
270,S-jaffa-road-04-2,31.78755,35.2058,0,13.4,82.1
270,S-jaffa-road-04-3,31.788475,35.2042,3,13.1,85.3
275,S-jaffa-road-00-1,31.7774,35.226175,1,6.5,88.4
275,S-jaffa-road-00-2,31.7781,35.22495,1,19.6,74.3
275,S-jaffa-road-00-3,31.7788,35.223725,0,4.0,97.0
275,S-jaffa-road-01-1,31.779925,35.221525,1,18.0,75.4
275,S-jaffa-road-01-2,31.78035,35.22055,1,11.7,88.5
275,S-jaffa-road-01-3,31.780775,35.219575,0,11.0,87.9
275,S-jaffa-road-02-1,31.78195,35.2172,0,4.0,97.0
275,S-jaffa-road-02-2,31.7827,35.2158,1,4.0,97.0
275,S-jaffa-road-02-3,31.78345,35.2144,0,4.0,97.0
275,S-jaffa-road-03-1,31.784575,35.212,0,4.0,97.0
275,S-jaffa-road-03-2,31.78495,35.211,1,9.9,87.5
275,S-jaffa-road-03-3,31.785325,35.21,2,11.3,87.0
275,S-jaffa-road-04-1,31.786625,35.2074,0,22.3,71.4
275,S-jaffa-road-04-2,31.78755,35.2058,2,4.2,97.0
275,S-jaffa-road-04-3,31.788475,35.2042,2,22.9,71.8
280,S-jaffa-road-00-1,31.7774,35.226175,2,9.5,90.2
280,S-jaffa-road-00-2,31.7781,35.22495,0,15.7,82.0
280,S-jaffa-road-00-3,31.7788,35.223725,1,14.1,82.7
280,S-jaffa-road-01-1,31.779925,35.221525,2,10.9,85.8
280,S-jaffa-road-01-2,31.78035,35.22055,5,4.0,94.5
280,S-jaffa-road-01-3,31.780775,35.219575,2,13.7,82.6
280,S-jaffa-road-02-1,31.78195,35.2172,0,4.0,97.0
280,S-jaffa-road-02-2,31.7827,35.2158,3,4.0,97.0
280,S-jaffa-road-02-3,31.78345,35.2144,1,4.0,97.0
280,S-jaffa-road-03-1,31.784575,35.212,1,8.7,91.3
280,S-jaffa-road-03-2,31.78495,35.211,1,19.4,77.0
280,S-jaffa-road-03-3,31.785325,35.21,3,19.2,78.1
280,S-jaffa-road-04-1,31.786625,35.2074,1,4.0,97.0
280,S-jaffa-road-04-2,31.78755,35.2058,1,4.0,97.0
280,S-jaffa-road-04-3,31.788475,35.2042,0,15.9,79.4
285,S-jaffa-road-00-1,31.7774,35.226175,2,4.0,94.2
285,S-jaffa-road-00-2,31.7781,35.22495,1,4.3,97.0
285,S-jaffa-road-00-3,31.7788,35.223725,0,7.2,89.5
285,S-jaffa-road-01-1,31.779925,35.221525,0,11.1,82.5
285,S-jaffa-road-01-2,31.78035,35.22055,0,18.2,79.3
285,S-jaffa-road-01-3,31.780775,35.219575,2,4.0,97.0
285,S-jaffa-road-02-1,31.78195,35.2172,1,4.0,97.0
285,S-jaffa-road-02-2,31.7827,35.2158,0,6.1,97.0
285,S-jaffa-road-02-3,31.78345,35.2144,0,4.0,97.0
285,S-jaffa-road-03-1,31.784575,35.212,2,11.9,84.5
285,S-jaffa-road-03-2,31.78495,35.211,0,4.8,93.9
285,S-jaffa-road-03-3,31.785325,35.21,1,17.0,80.3
285,S-jaffa-road-04-1,31.786625,35.2074,1,13.4,85.3
285,S-jaffa-road-04-2,31.78755,35.2058,0,24.4,69.0
285,S-jaffa-road-04-3,31.788475,35.2042,1,11.2,87.5
290,S-jaffa-road-00-1,31.7774,35.226175,0,15.2,83.7
290,S-jaffa-road-00-2,31.7781,35.22495,3,21.3,74.2
290,S-jaffa-road-00-3,31.7788,35.223725,2,25.3,71.3
290,S-jaffa-road-01-1,31.779925,35.221525,3,12.7,84.4
290,S-jaffa-road-01-2,31.78035,35.22055,1,5.1,94.8
290,S-jaffa-road-01-3,31.780775,35.219575,2,5.6,97.0
290,S-jaffa-road-02-1,31.78195,35.2172,0,4.0,97.0
290,S-jaffa-road-02-2,31.7827,35.2158,0,4.0,97.0
290,S-jaffa-road-02-3,31.78345,35.2144,1,4.0,97.0
290,S-jaffa-road-03-1,31.784575,35.212,2,10.4,89.0
290,S-jaffa-road-03-2,31.78495,35.211,3,4.0,97.0
290,S-jaffa-road-03-3,31.785325,35.21,2,13.2,87.1
290,S-jaffa-road-04-1,31.786625,35.2074,1,10.0,90.9
290,S-jaffa-road-04-2,31.78755,35.2058,2,9.0,91.6
290,S-jaffa-road-04-3,31.788475,35.2042,0,4.0,97.0
295,S-jaffa-road-00-1,31.7774,35.226175,1,12.8,85.8
295,S-jaffa-road-00-2,31.7781,35.22495,2,11.0,89.0
295,S-jaffa-road-00-3,31.7788,35.223725,0,4.0,96.4
295,S-jaffa-road-01-1,31.779925,35.221525,1,13.5,83.4
295,S-jaffa-road-01-2,31.78035,35.22055,3,4.0,97.0
295,S-jaffa-road-01-3,31.780775,35.219575,1,7.2,90.0
295,S-jaffa-road-02-1,31.78195,35.2172,0,4.0,97.0
295,S-jaffa-road-02-2,31.7827,35.2158,1,4.9,97.0
295,S-jaffa-road-02-3,31.78345,35.2144,1,4.0,97.0
295,S-jaffa-road-03-1,31.784575,35.212,2,8.9,88.6
295,S-jaffa-road-03-2,31.78495,35.211,1,12.9,85.3
295,S-jaffa-road-03-3,31.785325,35.21,2,19.3,74.2
295,S-jaffa-road-04-1,31.786625,35.2074,3,11.8,86.1
295,S-jaffa-road-04-2,31.78755,35.2058,0,12.9,84.1
295,S-jaffa-road-04-3,31.788475,35.2042,1,8.8,84.4
300,S-jaffa-road-00-1,31.7774,35.226175,1,12.1,83.5
300,S-jaffa-road-00-2,31.7781,35.22495,2,12.9,82.2
300,S-jaffa-road-00-3,31.7788,35.223725,3,12.3,85.3
300,S-jaffa-road-01-1,31.779925,35.221525,0,6.6,92.9
300,S-jaffa-road-01-2,31.78035,35.22055,0,15.8,84.5
300,S-jaffa-road-01-3,31.780775,35.219575,0,10.5,87.6
300,S-jaffa-road-02-1,31.78195,35.2172,0,4.0,97.0
300,S-jaffa-road-02-2,31.7827,35.2158,0,4.0,97.0
300,S-jaffa-road-02-3,31.78345,35.2144,1,4.0,97.0
300,S-jaffa-road-03-1,31.784575,35.212,0,13.0,82.5
300,S-jaffa-road-03-2,31.78495,35.211,1,17.3,76.3
300,S-jaffa-road-03-3,31.785325,35.21,1,24.1,70.5
300,S-jaffa-road-04-1,31.786625,35.2074,0,8.2,89.3
300,S-jaffa-road-04-2,31.78755,35.2058,1,4.0,97.0
300,S-jaffa-road-04-3,31.788475,35.2042,0,8.0,90.9
305,S-jaffa-road-00-1,31.7774,35.226175,3,4.0,97.0
305,S-jaffa-road-00-2,31.7781,35.22495,4,4.0,97.0
305,S-jaffa-road-00-3,31.7788,35.223725,4,10.3,88.8
305,S-jaffa-road-01-1,31.779925,35.221525,0,16.1,77.7
305,S-jaffa-road-01-2,31.78035,35.22055,1,12.8,84.0
305,S-jaffa-road-01-3,31.780775,35.219575,0,7.3,92.2
305,S-jaffa-road-02-1,31.78195,35.2172,0,4.0,97.0
305,S-jaffa-road-02-2,31.7827,35.2158,0,4.6,97.0
305,S-jaffa-road-02-3,31.78345,35.2144,0,4.0,97.0
305,S-jaffa-road-03-1,31.784575,35.212,0,15.3,82.0
305,S-jaffa-road-03-2,31.78495,35.211,1,13.2,82.4
305,S-jaffa-road-03-3,31.785325,35.21,2,13.2,83.3
305,S-jaffa-road-04-1,31.786625,35.2074,3,8.5,90.2
305,S-jaffa-road-04-2,31.78755,35.2058,0,19.6,71.6
305,S-jaffa-road-04-3,31.788475,35.2042,2,23.5,71.9
310,S-jaffa-road-00-1,31.7774,35.226175,2,12.3,87.3
310,S-jaffa-road-00-2,31.7781,35.22495,0,4.0,94.5
310,S-jaffa-road-00-3,31.7788,35.223725,2,11.4,84.4
310,S-jaffa-road-01-1,31.779925,35.221525,0,4.0,97.0
310,S-jaffa-road-01-2,31.78035,35.22055,1,16.1,82.5
310,S-jaffa-road-01-3,31.780775,35.219575,2,23.1,71.4
310,S-jaffa-road-02-1,31.78195,35.2172,1,4.0,97.0
310,S-jaffa-road-02-2,31.7827,35.2158,0,4.9,97.0
310,S-jaffa-road-02-3,31.78345,35.2144,0,4.0,97.0
310,S-jaffa-road-03-1,31.784575,35.212,3,4.0,97.0
310,S-jaffa-road-03-2,31.78495,35.211,0,4.0,97.0
310,S-jaffa-road-03-3,31.785325,35.21,0,18.2,80.0
310,S-jaffa-road-04-1,31.786625,35.2074,0,11.1,88.4
310,S-jaffa-road-04-2,31.78755,35.2058,0,6.3,93.3
310,S-jaffa-road-04-3,31.788475,35.2042,0,4.0,92.6
315,S-jaffa-road-00-1,31.7774,35.226175,3,26.0,66.5
315,S-jaffa-road-00-2,31.7781,35.22495,4,12.3,86.3
315,S-jaffa-road-00-3,31.7788,35.223725,1,16.3,81.0
315,S-jaffa-road-01-1,31.779925,35.221525,0,6.2,92.7
315,S-jaffa-road-01-2,31.78035,35.22055,2,16.5,80.0
315,S-jaffa-road-01-3,31.780775,35.219575,1,4.0,97.0
315,S-jaffa-road-02-1,31.78195,35.2172,0,4.0,97.0
315,S-jaffa-road-02-2,31.7827,35.2158,1,4.0,97.0
315,S-jaffa-road-02-3,31.78345,35.2144,0,4.0,97.0
315,S-jaffa-road-03-1,31.784575,35.212,2,19.6,76.2
315,S-jaffa-road-03-2,31.78495,35.211,3,13.6,81.1
315,S-jaffa-road-03-3,31.785325,35.21,0,21.7,71.8
315,S-jaffa-road-04-1,31.786625,35.2074,2,12.8,83.6
315,S-jaffa-road-04-2,31.78755,35.2058,3,13.6,84.8
315,S-jaffa-road-04-3,31.788475,35.2042,1,22.9,74.2
320,S-jaffa-road-00-1,31.7774,35.226175,1,15.1,82.7
320,S-jaffa-road-00-2,31.7781,35.22495,1,4.0,97.0
320,S-jaffa-road-00-3,31.7788,35.223725,1,6.7,94.2
320,S-jaffa-road-01-1,31.779925,35.221525,0,6.0,95.0
320,S-jaffa-road-01-2,31.78035,35.22055,2,24.9,67.1
320,S-jaffa-road-01-3,31.780775,35.219575,2,32.1,55.5
320,S-jaffa-road-02-1,31.78195,35.2172,0,4.0,97.0
320,S-jaffa-road-02-2,31.7827,35.2158,0,4.4,97.0
320,S-jaffa-road-02-3,31.78345,35.2144,1,4.0,97.0
320,S-jaffa-road-03-1,31.784575,35.212,3,23.0,71.7
320,S-jaffa-road-03-2,31.78495,35.211,0,18.5,76.8
320,S-jaffa-road-03-3,31.785325,35.21,1,14.6,77.7
320,S-jaffa-road-04-1,31.786625,35.2074,3,10.5,84.6
320,S-jaffa-road-04-2,31.78755,35.2058,2,5.4,94.7
320,S-jaffa-road-04-3,31.788475,35.2042,0,4.0,97.0
325,S-jaffa-road-00-1,31.7774,35.226175,0,20.1,73.9
325,S-jaffa-road-00-2,31.7781,35.22495,2,4.5,97.0
325,S-jaffa-road-00-3,31.7788,35.223725,0,4.0,97.0
325,S-jaffa-road-01-1,31.779925,35.221525,1,16.0,80.0
325,S-jaffa-road-01-2,31.78035,35.22055,1,9.3,88.9
325,S-jaffa-road-01-3,31.780775,35.219575,3,20.3,74.9
325,S-jaffa-road-02-1,31.78195,35.2172,1,4.0,97.0
325,S-jaffa-road-02-2,31.7827,35.2158,0,4.0,97.0
325,S-jaffa-road-02-3,31.78345,35.2144,0,4.0,97.0
325,S-jaffa-road-03-1,31.784575,35.212,4,19.8,77.4
325,S-jaffa-road-03-2,31.78495,35.211,3,17.4,77.5
325,S-jaffa-road-03-3,31.785325,35.21,2,9.6,87.7
325,S-jaffa-road-04-1,31.786625,35.2074,0,11.6,88.0
325,S-jaffa-road-04-2,31.78755,35.2058,3,5.9,92.4
325,S-jaffa-road-04-3,31.788475,35.2042,2,7.9,89.6
330,S-jaffa-road-00-1,31.7774,35.226175,3,16.5,78.8
330,S-jaffa-road-00-2,31.7781,35.22495,4,10.4,89.4
330,S-jaffa-road-00-3,31.7788,35.223725,0,15.8,82.0
330,S-jaffa-road-01-1,31.779925,35.221525,1,21.5,75.6
330,S-jaffa-road-01-2,31.78035,35.22055,2,11.3,85.7
330,S-jaffa-road-01-3,31.780775,35.219575,0,13.4,84.1
330,S-jaffa-road-02-1,31.78195,35.2172,0,4.0,97.0
330,S-jaffa-road-02-2,31.7827,35.2158,1,6.2,97.0
330,S-jaffa-road-02-3,31.78345,35.2144,1,4.0,97.0
330,S-jaffa-road-03-1,31.784575,35.212,1,18.8,76.4
330,S-jaffa-road-03-2,31.78495,35.211,2,9.8,86.6
330,S-jaffa-road-03-3,31.785325,35.21,1,10.1,87.8
330,S-jaffa-road-04-1,31.786625,35.2074,3,18.5,78.5
330,S-jaffa-road-04-2,31.78755,35.2058,3,13.5,82.4
330,S-jaffa-road-04-3,31.788475,35.2042,2,9.0,91.2
335,S-jaffa-road-00-1,31.7774,35.226175,0,16.5,74.9
335,S-jaffa-road-00-2,31.7781,35.22495,0,8.6,86.4
335,S-jaffa-road-00-3,31.7788,35.223725,2,20.4,75.4
335,S-jaffa-road-01-1,31.779925,35.221525,0,4.0,97.0
335,S-jaffa-road-01-2,31.78035,35.22055,2,13.4,85.8
335,S-jaffa-road-01-3,31.780775,35.219575,0,12.6,86.6
335,S-jaffa-road-02-1,31.78195,35.2172,1,4.0,97.0
335,S-jaffa-road-02-2,31.7827,35.2158,0,4.0,97.0
335,S-jaffa-road-02-3,31.78345,35.2144,0,4.0,97.0
335,S-jaffa-road-03-1,31.784575,35.212,2,4.0,97.0
335,S-jaffa-road-03-2,31.78495,35.211,0,7.5,91.2
335,S-jaffa-road-03-3,31.785325,35.21,0,27.0,65.9
335,S-jaffa-road-04-1,31.786625,35.2074,1,22.9,72.6
335,S-jaffa-road-04-2,31.78755,35.2058,2,9.0,92.1
335,S-jaffa-road-04-3,31.788475,35.2042,2,9.9,90.1
340,S-jaffa-road-00-1,31.7774,35.226175,0,4.0,94.1
340,S-jaffa-road-00-2,31.7781,35.22495,2,14.1,81.5
340,S-jaffa-road-00-3,31.7788,35.223725,0,19.1,78.8
340,S-jaffa-road-01-1,31.779925,35.221525,2,4.0,95.8
340,S-jaffa-road-01-2,31.78035,35.22055,0,21.5,75.2
340,S-jaffa-road-01-3,31.780775,35.219575,3,9.9,84.6
340,S-jaffa-road-02-1,31.78195,35.2172,1,4.0,97.0
340,S-jaffa-road-02-2,31.7827,35.2158,0,4.0,97.0
340,S-jaffa-road-02-3,31.78345,35.2144,0,4.0,97.0
340,S-jaffa-road-03-1,31.784575,35.212,0,10.1,85.2
340,S-jaffa-road-03-2,31.78495,35.211,4,16.4,81.2
340,S-jaffa-road-03-3,31.785325,35.21,4,14.0,82.7
340,S-jaffa-road-04-1,31.786625,35.2074,0,12.0,85.0
340,S-jaffa-road-04-2,31.78755,35.2058,0,11.5,86.2
340,S-jaffa-road-04-3,31.788475,35.2042,3,17.7,79.0
345,S-jaffa-road-00-1,31.7774,35.226175,2,10.4,89.9
345,S-jaffa-road-00-2,31.7781,35.22495,1,18.1,78.1
345,S-jaffa-road-00-3,31.7788,35.223725,1,4.0,97.0
345,S-jaffa-road-01-1,31.779925,35.221525,1,13.3,82.2
345,S-jaffa-road-01-2,31.78035,35.22055,1,17.9,83.2
345,S-jaffa-road-01-3,31.780775,35.219575,1,6.1,95.0
345,S-jaffa-road-02-1,31.78195,35.2172,1,4.0,97.0
345,S-jaffa-road-02-2,31.7827,35.2158,0,5.4,97.0
345,S-jaffa-road-02-3,31.78345,35.2144,0,4.7,97.0
345,S-jaffa-road-03-1,31.784575,35.212,1,4.0,97.0
345,S-jaffa-road-03-2,31.78495,35.211,1,4.0,97.0
345,S-jaffa-road-03-3,31.785325,35.21,1,10.7,87.6
345,S-jaffa-road-04-1,31.786625,35.2074,1,17.3,78.1
345,S-jaffa-road-04-2,31.78755,35.2058,1,4.0,96.9
345,S-jaffa-road-04-3,31.788475,35.2042,0,4.0,97.0
350,S-jaffa-road-00-1,31.7774,35.226175,1,10.0,89.8
350,S-jaffa-road-00-2,31.7781,35.22495,1,19.6,73.9
350,S-jaffa-road-00-3,31.7788,35.223725,0,12.4,81.7
350,S-jaffa-road-01-1,31.779925,35.221525,1,18.6,75.8
350,S-jaffa-road-01-2,31.78035,35.22055,0,6.5,91.4
350,S-jaffa-road-01-3,31.780775,35.219575,2,5.4,91.6
350,S-jaffa-road-02-1,31.78195,35.2172,1,4.0,97.0
350,S-jaffa-road-02-2,31.7827,35.2158,0,6.0,97.0
350,S-jaffa-road-02-3,31.78345,35.2144,1,4.0,97.0
350,S-jaffa-road-03-1,31.784575,35.212,1,18.3,76.5
350,S-jaffa-road-03-2,31.78495,35.211,3,9.7,88.2
350,S-jaffa-road-03-3,31.785325,35.21,2,21.3,75.2
350,S-jaffa-road-04-1,31.786625,35.2074,3,4.3,93.4
350,S-jaffa-road-04-2,31.78755,35.2058,1,9.8,90.1
350,S-jaffa-road-04-3,31.788475,35.2042,1,11.5,85.2
355,S-jaffa-road-00-1,31.7774,35.226175,3,14.1,84.7
355,S-jaffa-road-00-2,31.7781,35.22495,1,14.5,83.2
355,S-jaffa-road-00-3,31.7788,35.223725,2,14.1,82.5
355,S-jaffa-road-01-1,31.779925,35.221525,1,4.0,97.0
355,S-jaffa-road-01-2,31.78035,35.22055,2,18.8,78.0
355,S-jaffa-road-01-3,31.780775,35.219575,1,5.1,97.0
355,S-jaffa-road-02-1,31.78195,35.2172,0,4.0,97.0
355,S-jaffa-road-02-2,31.7827,35.2158,0,4.0,97.0
355,S-jaffa-road-02-3,31.78345,35.2144,0,4.0,97.0
355,S-jaffa-road-03-1,31.784575,35.212,0,22.3,70.3
355,S-jaffa-road-03-2,31.78495,35.211,2,18.6,78.0
355,S-jaffa-road-03-3,31.785325,35.21,0,11.1,87.5
355,S-jaffa-road-04-1,31.786625,35.2074,1,6.0,94.4
355,S-jaffa-road-04-2,31.78755,35.2058,0,11.6,87.3
355,S-jaffa-road-04-3,31.788475,35.2042,0,4.0,97.0
360,S-jaffa-road-00-1,31.7774,35.226175,1,10.4,84.8
360,S-jaffa-road-00-2,31.7781,35.22495,1,4.0,95.4
360,S-jaffa-road-00-3,31.7788,35.223725,0,9.2,88.9
360,S-jaffa-road-01-1,31.779925,35.221525,2,7.7,86.9
360,S-jaffa-road-01-2,31.78035,35.22055,0,6.9,92.7
360,S-jaffa-road-01-3,31.780775,35.219575,1,9.8,87.0
360,S-jaffa-road-02-1,31.78195,35.2172,0,4.3,97.0
360,S-jaffa-road-02-2,31.7827,35.2158,0,4.0,97.0
360,S-jaffa-road-02-3,31.78345,35.2144,2,4.0,97.0
360,S-jaffa-road-03-1,31.784575,35.212,0,4.0,97.0
360,S-jaffa-road-03-2,31.78495,35.211,3,4.0,97.0
360,S-jaffa-road-03-3,31.785325,35.21,1,4.0,96.2
360,S-jaffa-road-04-1,31.786625,35.2074,2,26.9,68.8
360,S-jaffa-road-04-2,31.78755,35.2058,5,17.8,80.3
360,S-jaffa-road-04-3,31.788475,35.2042,5,11.8,84.3
365,S-jaffa-road-00-1,31.7774,35.226175,2,5.8,93.4
365,S-jaffa-road-00-2,31.7781,35.22495,0,4.0,94.6
365,S-jaffa-road-00-3,31.7788,35.223725,0,16.2,82.1
365,S-jaffa-road-01-1,31.779925,35.221525,5,4.0,93.2
365,S-jaffa-road-01-2,31.78035,35.22055,2,20.9,74.5
365,S-jaffa-road-01-3,31.780775,35.219575,3,17.1,83.5
365,S-jaffa-road-02-1,31.78195,35.2172,2,4.0,97.0
365,S-jaffa-road-02-2,31.7827,35.2158,0,4.0,97.0
365,S-jaffa-road-02-3,31.78345,35.2144,1,4.0,97.0
365,S-jaffa-road-03-1,31.784575,35.212,3,7.7,90.8
365,S-jaffa-road-03-2,31.78495,35.211,0,16.3,79.1
365,S-jaffa-road-03-3,31.785325,35.21,2,4.0,97.0
365,S-jaffa-road-04-1,31.786625,35.2074,0,18.8,78.0
365,S-jaffa-road-04-2,31.78755,35.2058,2,4.0,97.0
365,S-jaffa-road-04-3,31.788475,35.2042,3,18.8,77.0
370,S-jaffa-road-00-1,31.7774,35.226175,0,15.1,81.2
370,S-jaffa-road-00-2,31.7781,35.22495,0,8.9,90.9
370,S-jaffa-road-00-3,31.7788,35.223725,1,16.7,76.1
370,S-jaffa-road-01-1,31.779925,35.221525,1,13.9,87.1
370,S-jaffa-road-01-2,31.78035,35.22055,1,18.7,77.5
370,S-jaffa-road-01-3,31.780775,35.219575,2,4.0,97.0
370,S-jaffa-road-02-1,31.78195,35.2172,0,4.0,97.0
370,S-jaffa-road-02-2,31.7827,35.2158,1,5.6,97.0
370,S-jaffa-road-02-3,31.78345,35.2144,0,4.0,97.0
370,S-jaffa-road-03-1,31.784575,35.212,1,20.3,78.1
370,S-jaffa-road-03-2,31.78495,35.211,0,5.9,91.8
370,S-jaffa-road-03-3,31.785325,35.21,3,4.0,97.0
370,S-jaffa-road-04-1,31.786625,35.2074,3,12.8,83.7
370,S-jaffa-road-04-2,31.78755,35.2058,2,13.5,81.3
370,S-jaffa-road-04-3,31.788475,35.2042,2,11.3,89.4
375,S-jaffa-road-00-1,31.7774,35.226175,4,4.0,95.3
375,S-jaffa-road-00-2,31.7781,35.22495,0,16.2,82.3
375,S-jaffa-road-00-3,31.7788,35.223725,2,13.6,83.2
375,S-jaffa-road-01-1,31.779925,35.221525,1,7.5,91.4
375,S-jaffa-road-01-2,31.78035,35.22055,2,18.2,74.8
375,S-jaffa-road-01-3,31.780775,35.219575,3,11.4,88.2
375,S-jaffa-road-02-1,31.78195,35.2172,1,4.0,97.0
375,S-jaffa-road-02-2,31.7827,35.2158,0,4.0,97.0
375,S-jaffa-road-02-3,31.78345,35.2144,1,4.0,97.0
375,S-jaffa-road-03-1,31.784575,35.212,1,9.8,84.8
375,S-jaffa-road-03-2,31.78495,35.211,0,14.2,84.6
375,S-jaffa-road-03-3,31.785325,35.21,0,12.7,85.5
375,S-jaffa-road-04-1,31.786625,35.2074,0,20.0,75.6
375,S-jaffa-road-04-2,31.78755,35.2058,1,9.7,90.6
375,S-jaffa-road-04-3,31.788475,35.2042,0,24.6,69.9
380,S-jaffa-road-00-1,31.7774,35.226175,0,19.2,77.7
380,S-jaffa-road-00-2,31.7781,35.22495,2,9.9,87.4
380,S-jaffa-road-00-3,31.7788,35.223725,3,16.7,79.6
380,S-jaffa-road-01-1,31.779925,35.221525,3,17.6,78.5
380,S-jaffa-road-01-2,31.78035,35.22055,2,9.3,87.9
380,S-jaffa-road-01-3,31.780775,35.219575,0,12.3,82.8
380,S-jaffa-road-02-1,31.78195,35.2172,1,4.0,97.0
380,S-jaffa-road-02-2,31.7827,35.2158,0,4.0,97.0
380,S-jaffa-road-02-3,31.78345,35.2144,0,4.0,97.0
380,S-jaffa-road-03-1,31.784575,35.212,1,15.7,82.1
380,S-jaffa-road-03-2,31.78495,35.211,0,9.7,91.3
380,S-jaffa-road-03-3,31.785325,35.21,2,4.0,97.0
380,S-jaffa-road-04-1,31.786625,35.2074,2,13.7,84.6
380,S-jaffa-road-04-2,31.78755,35.2058,1,5.5,91.9
380,S-jaffa-road-04-3,31.788475,35.2042,2,14.4,82.7
385,S-jaffa-road-00-1,31.7774,35.226175,1,15.3,81.3
385,S-jaffa-road-00-2,31.7781,35.22495,2,16.4,79.3
385,S-jaffa-road-00-3,31.7788,35.223725,4,6.6,95.1
385,S-jaffa-road-01-1,31.779925,35.221525,0,4.0,96.6
385,S-jaffa-road-01-2,31.78035,35.22055,2,21.7,75.6
385,S-jaffa-road-01-3,31.780775,35.219575,0,6.7,94.1
385,S-jaffa-road-02-1,31.78195,35.2172,0,4.0,97.0
385,S-jaffa-road-02-2,31.7827,35.2158,0,4.0,97.0
385,S-jaffa-road-02-3,31.78345,35.2144,0,4.0,97.0
385,S-jaffa-road-03-1,31.784575,35.212,3,5.1,90.9
385,S-jaffa-road-03-2,31.78495,35.211,2,7.1,92.7
385,S-jaffa-road-03-3,31.785325,35.21,2,22.7,70.8
385,S-jaffa-road-04-1,31.786625,35.2074,0,14.0,85.3
385,S-jaffa-road-04-2,31.78755,35.2058,0,11.0,88.3
385,S-jaffa-road-04-3,31.788475,35.2042,0,15.3,79.8
390,S-jaffa-road-00-1,31.7774,35.226175,1,5.1,92.1
390,S-jaffa-road-00-2,31.7781,35.22495,0,19.0,79.1
390,S-jaffa-road-00-3,31.7788,35.223725,0,7.8,91.6
390,S-jaffa-road-01-1,31.779925,35.221525,2,13.1,82.6
390,S-jaffa-road-01-2,31.78035,35.22055,2,4.0,96.9
390,S-jaffa-road-01-3,31.780775,35.219575,1,6.9,90.0
390,S-jaffa-road-02-1,31.78195,35.2172,0,4.0,97.0
390,S-jaffa-road-02-2,31.7827,35.2158,1,4.0,97.0
390,S-jaffa-road-02-3,31.78345,35.2144,1,4.0,97.0
390,S-jaffa-road-03-1,31.784575,35.212,0,4.0,92.2
390,S-jaffa-road-03-2,31.78495,35.211,1,14.9,82.0
390,S-jaffa-road-03-3,31.785325,35.21,2,21.0,72.7
390,S-jaffa-road-04-1,31.786625,35.2074,3,12.6,86.8
390,S-jaffa-road-04-2,31.78755,35.2058,0,10.9,87.9
390,S-jaffa-road-04-3,31.788475,35.2042,1,6.5,87.6
395,S-jaffa-road-00-1,31.7774,35.226175,2,6.0,94.6
395,S-jaffa-road-00-2,31.7781,35.22495,4,15.0,82.0
395,S-jaffa-road-00-3,31.7788,35.223725,1,8.3,92.1
395,S-jaffa-road-01-1,31.779925,35.221525,0,5.6,97.0
395,S-jaffa-road-01-2,31.78035,35.22055,1,14.4,84.4
395,S-jaffa-road-01-3,31.780775,35.219575,1,8.9,87.7
395,S-jaffa-road-02-1,31.78195,35.2172,0,4.0,97.0
395,S-jaffa-road-02-2,31.7827,35.2158,1,4.0,97.0
395,S-jaffa-road-02-3,31.78345,35.2144,0,4.0,97.0
395,S-jaffa-road-03-1,31.784575,35.212,0,10.3,87.5
395,S-jaffa-road-03-2,31.78495,35.211,2,18.3,77.3
395,S-jaffa-road-03-3,31.785325,35.21,1,11.0,90.1
395,S-jaffa-road-04-1,31.786625,35.2074,2,10.9,84.8
395,S-jaffa-road-04-2,31.78755,35.2058,3,8.7,87.5
395,S-jaffa-road-04-3,31.788475,35.2042,1,11.0,85.1
400,S-jaffa-road-00-1,31.7774,35.226175,2,6.0,93.3
400,S-jaffa-road-00-2,31.7781,35.22495,5,4.2,97.0
400,S-jaffa-road-00-3,31.7788,35.223725,1,4.0,97.0
400,S-jaffa-road-01-1,31.779925,35.221525,0,8.9,89.2
400,S-jaffa-road-01-2,31.78035,35.22055,2,12.5,86.3
400,S-jaffa-road-01-3,31.780775,35.219575,3,21.1,73.3
400,S-jaffa-road-02-1,31.78195,35.2172,1,4.0,97.0
400,S-jaffa-road-02-2,31.7827,35.2158,0,4.0,97.0
400,S-jaffa-road-02-3,31.78345,35.2144,0,4.0,97.0
400,S-jaffa-road-03-1,31.784575,35.212,1,14.6,83.4
400,S-jaffa-road-03-2,31.78495,35.211,1,12.5,82.7
400,S-jaffa-road-03-3,31.785325,35.21,2,19.8,78.3
400,S-jaffa-road-04-1,31.786625,35.2074,0,9.2,91.2
400,S-jaffa-road-04-2,31.78755,35.2058,1,15.3,82.4
400,S-jaffa-road-04-3,31.788475,35.2042,2,4.0,93.1
405,S-jaffa-road-00-1,31.7774,35.226175,0,15.4,80.3
405,S-jaffa-road-00-2,31.7781,35.22495,4,7.7,87.5
405,S-jaffa-road-00-3,31.7788,35.223725,2,16.5,82.0
405,S-jaffa-road-01-1,31.779925,35.221525,2,4.0,97.0
405,S-jaffa-road-01-2,31.78035,35.22055,0,12.3,87.6
405,S-jaffa-road-01-3,31.780775,35.219575,1,6.4,93.4
405,S-jaffa-road-02-1,31.78195,35.2172,0,4.0,97.0
405,S-jaffa-road-02-2,31.7827,35.2158,0,4.0,97.0
405,S-jaffa-road-02-3,31.78345,35.2144,1,5.2,97.0
405,S-jaffa-road-03-1,31.784575,35.212,0,13.0,83.5
405,S-jaffa-road-03-2,31.78495,35.211,3,4.0,97.0
405,S-jaffa-road-03-3,31.785325,35.21,1,13.3,87.7
405,S-jaffa-road-04-1,31.786625,35.2074,2,6.7,93.0
405,S-jaffa-road-04-2,31.78755,35.2058,2,11.2,82.5
405,S-jaffa-road-04-3,31.788475,35.2042,0,14.3,84.0
410,S-jaffa-road-00-1,31.7774,35.226175,1,14.2,82.8
410,S-jaffa-road-00-2,31.7781,35.22495,2,11.7,84.9
410,S-jaffa-road-00-3,31.7788,35.223725,3,14.7,79.9
410,S-jaffa-road-01-1,31.779925,35.221525,2,8.3,90.5
410,S-jaffa-road-01-2,31.78035,35.22055,0,16.0,77.2
410,S-jaffa-road-01-3,31.780775,35.219575,3,21.9,72.1
410,S-jaffa-road-02-1,31.78195,35.2172,1,4.0,97.0
410,S-jaffa-road-02-2,31.7827,35.2158,1,4.0,97.0
410,S-jaffa-road-02-3,31.78345,35.2144,0,4.0,97.0
410,S-jaffa-road-03-1,31.784575,35.212,1,13.7,79.6
410,S-jaffa-road-03-2,31.78495,35.211,0,22.1,71.9
410,S-jaffa-road-03-3,31.785325,35.21,0,9.5,83.8
410,S-jaffa-road-04-1,31.786625,35.2074,1,15.2,78.2
410,S-jaffa-road-04-2,31.78755,35.2058,1,10.1,88.7
410,S-jaffa-road-04-3,31.788475,35.2042,1,16.8,77.8
415,S-jaffa-road-00-1,31.7774,35.226175,2,8.7,92.7
415,S-jaffa-road-00-2,31.7781,35.22495,0,26.8,68.9
415,S-jaffa-road-00-3,31.7788,35.223725,1,16.0,83.8
415,S-jaffa-road-01-1,31.779925,35.221525,1,9.8,91.1
415,S-jaffa-road-01-2,31.78035,35.22055,1,21.0,75.8
415,S-jaffa-road-01-3,31.780775,35.219575,2,21.1,77.1
415,S-jaffa-road-02-1,31.78195,35.2172,0,4.0,97.0
415,S-jaffa-road-02-2,31.7827,35.2158,0,4.0,97.0
415,S-jaffa-road-02-3,31.78345,35.2144,0,4.0,97.0
415,S-jaffa-road-03-1,31.784575,35.212,1,16.0,80.9
415,S-jaffa-road-03-2,31.78495,35.211,2,15.8,80.3
415,S-jaffa-road-03-3,31.785325,35.21,1,20.1,77.9
415,S-jaffa-road-04-1,31.786625,35.2074,3,10.5,87.8
415,S-jaffa-road-04-2,31.78755,35.2058,2,15.7,79.6
415,S-jaffa-road-04-3,31.788475,35.2042,2,15.0,79.4
420,S-jaffa-road-00-1,31.7774,35.226175,1,19.2,76.4
420,S-jaffa-road-00-2,31.7781,35.22495,1,16.7,79.9
420,S-jaffa-road-00-3,31.7788,35.223725,0,21.3,76.1
420,S-jaffa-road-01-1,31.779925,35.221525,0,18.5,82.9
420,S-jaffa-road-01-2,31.78035,35.22055,0,16.2,77.4
420,S-jaffa-road-01-3,31.780775,35.219575,2,15.4,79.8
420,S-jaffa-road-02-1,31.78195,35.2172,0,4.5,97.0
420,S-jaffa-road-02-2,31.7827,35.2158,0,4.0,97.0
420,S-jaffa-road-02-3,31.78345,35.2144,0,4.0,97.0
420,S-jaffa-road-03-1,31.784575,35.212,1,6.2,90.5
420,S-jaffa-road-03-2,31.78495,35.211,2,13.5,87.1
420,S-jaffa-road-03-3,31.785325,35.21,2,17.0,80.5
420,S-jaffa-road-04-1,31.786625,35.2074,2,11.0,85.5
420,S-jaffa-road-04-2,31.78755,35.2058,2,17.4,79.2
420,S-jaffa-road-04-3,31.788475,35.2042,1,24.9,68.5
425,S-jaffa-road-00-1,31.7774,35.226175,2,6.1,94.2
425,S-jaffa-road-00-2,31.7781,35.22495,1,5.1,95.8
425,S-jaffa-road-00-3,31.7788,35.223725,2,17.4,80.0
425,S-jaffa-road-01-1,31.779925,35.221525,2,13.8,84.2
425,S-jaffa-road-01-2,31.78035,35.22055,0,11.0,88.4
425,S-jaffa-road-01-3,31.780775,35.219575,3,4.0,95.9
425,S-jaffa-road-02-1,31.78195,35.2172,0,4.0,97.0
425,S-jaffa-road-02-2,31.7827,35.2158,1,4.0,97.0
425,S-jaffa-road-02-3,31.78345,35.2144,0,4.0,97.0
425,S-jaffa-road-03-1,31.784575,35.212,2,8.3,89.4
425,S-jaffa-road-03-2,31.78495,35.211,3,7.4,92.2
425,S-jaffa-road-03-3,31.785325,35.21,1,15.1,82.3
425,S-jaffa-road-04-1,31.786625,35.2074,1,16.0,77.6
425,S-jaffa-road-04-2,31.78755,35.2058,1,12.7,86.3
425,S-jaffa-road-04-3,31.788475,35.2042,2,13.1,81.1
430,S-jaffa-road-00-1,31.7774,35.226175,0,12.8,85.8
430,S-jaffa-road-00-2,31.7781,35.22495,4,14.3,78.6
430,S-jaffa-road-00-3,31.7788,35.223725,0,16.8,81.6
430,S-jaffa-road-01-1,31.779925,35.221525,0,18.9,78.5
430,S-jaffa-road-01-2,31.78035,35.22055,0,21.0,73.0
430,S-jaffa-road-01-3,31.780775,35.219575,0,4.0,95.0
430,S-jaffa-road-02-1,31.78195,35.2172,0,4.0,97.0
430,S-jaffa-road-02-2,31.7827,35.2158,0,4.0,97.0
430,S-jaffa-road-02-3,31.78345,35.2144,0,6.1,97.0
430,S-jaffa-road-03-1,31.784575,35.212,0,9.1,91.4
430,S-jaffa-road-03-2,31.78495,35.211,3,13.0,81.7
430,S-jaffa-road-03-3,31.785325,35.21,3,18.2,77.7
430,S-jaffa-road-04-1,31.786625,35.2074,2,8.5,89.3
430,S-jaffa-road-04-2,31.78755,35.2058,1,16.0,77.7
430,S-jaffa-road-04-3,31.788475,35.2042,1,6.0,91.5
435,S-jaffa-road-00-1,31.7774,35.226175,1,4.6,94.0
435,S-jaffa-road-00-2,31.7781,35.22495,3,5.9,87.7
435,S-jaffa-road-00-3,31.7788,35.223725,1,8.0,91.0
435,S-jaffa-road-01-1,31.779925,35.221525,0,11.7,85.2
435,S-jaffa-road-01-2,31.78035,35.22055,2,15.4,78.4
435,S-jaffa-road-01-3,31.780775,35.219575,1,18.8,75.5
435,S-jaffa-road-02-1,31.78195,35.2172,0,4.0,97.0
435,S-jaffa-road-02-2,31.7827,35.2158,1,4.0,97.0
435,S-jaffa-road-02-3,31.78345,35.2144,1,4.0,97.0
435,S-jaffa-road-03-1,31.784575,35.212,3,4.0,97.0
435,S-jaffa-road-03-2,31.78495,35.211,2,4.0,97.0
435,S-jaffa-road-03-3,31.785325,35.21,2,19.5,75.3
435,S-jaffa-road-04-1,31.786625,35.2074,0,6.9,91.0
435,S-jaffa-road-04-2,31.78755,35.2058,1,14.1,83.6
435,S-jaffa-road-04-3,31.788475,35.2042,0,4.9,95.6
440,S-jaffa-road-00-1,31.7774,35.226175,0,16.4,78.8
440,S-jaffa-road-00-2,31.7781,35.22495,0,15.7,82.1
440,S-jaffa-road-00-3,31.7788,35.223725,1,4.0,97.0
440,S-jaffa-road-01-1,31.779925,35.221525,2,22.6,73.4
440,S-jaffa-road-01-2,31.78035,35.22055,2,10.2,89.3
440,S-jaffa-road-01-3,31.780775,35.219575,1,15.9,79.1
440,S-jaffa-road-02-1,31.78195,35.2172,0,4.0,97.0
440,S-jaffa-road-02-2,31.7827,35.2158,0,4.0,97.0
440,S-jaffa-road-02-3,31.78345,35.2144,1,4.0,97.0
440,S-jaffa-road-03-1,31.784575,35.212,0,18.3,78.8
440,S-jaffa-road-03-2,31.78495,35.211,2,4.0,97.0
440,S-jaffa-road-03-3,31.785325,35.21,2,8.0,93.3
440,S-jaffa-road-04-1,31.786625,35.2074,3,14.2,81.8
440,S-jaffa-road-04-2,31.78755,35.2058,1,8.4,87.6
440,S-jaffa-road-04-3,31.788475,35.2042,1,18.5,77.6
445,S-jaffa-road-00-1,31.7774,35.226175,1,6.4,93.4
445,S-jaffa-road-00-2,31.7781,35.22495,0,20.2,75.7
445,S-jaffa-road-00-3,31.7788,35.223725,1,17.9,79.5
445,S-jaffa-road-01-1,31.779925,35.221525,2,7.3,89.6
445,S-jaffa-road-01-2,31.78035,35.22055,2,4.0,97.0
445,S-jaffa-road-01-3,31.780775,35.219575,3,20.8,73.9
445,S-jaffa-road-02-1,31.78195,35.2172,0,4.0,97.0
445,S-jaffa-road-02-2,31.7827,35.2158,0,4.0,97.0
445,S-jaffa-road-02-3,31.78345,35.2144,0,4.0,97.0
445,S-jaffa-road-03-1,31.784575,35.212,2,4.0,96.7
445,S-jaffa-road-03-2,31.78495,35.211,1,4.1,95.6
445,S-jaffa-road-03-3,31.785325,35.21,3,12.8,83.8
445,S-jaffa-road-04-1,31.786625,35.2074,0,6.8,89.7
445,S-jaffa-road-04-2,31.78755,35.2058,3,4.0,97.0
445,S-jaffa-road-04-3,31.788475,35.2042,2,19.8,76.5
450,S-jaffa-road-00-1,31.7774,35.226175,2,4.3,96.9
450,S-jaffa-road-00-2,31.7781,35.22495,1,17.3,77.5
450,S-jaffa-road-00-3,31.7788,35.223725,1,11.3,88.8
450,S-jaffa-road-01-1,31.779925,35.221525,1,22.0,70.0
450,S-jaffa-road-01-2,31.78035,35.22055,2,4.0,96.1
450,S-jaffa-road-01-3,31.780775,35.219575,2,7.6,91.2
450,S-jaffa-road-02-1,31.78195,35.2172,0,4.2,97.0
450,S-jaffa-road-02-2,31.7827,35.2158,0,6.0,97.0
450,S-jaffa-road-02-3,31.78345,35.2144,1,4.0,97.0
450,S-jaffa-road-03-1,31.784575,35.212,1,5.7,91.7
450,S-jaffa-road-03-2,31.78495,35.211,2,16.8,80.2
450,S-jaffa-road-03-3,31.785325,35.21,0,21.6,73.5
450,S-jaffa-road-04-1,31.786625,35.2074,1,17.6,84.4
450,S-jaffa-road-04-2,31.78755,35.2058,0,5.8,89.0
450,S-jaffa-road-04-3,31.788475,35.2042,0,12.8,81.9
455,S-jaffa-road-00-1,31.7774,35.226175,1,22.4,72.7
455,S-jaffa-road-00-2,31.7781,35.22495,1,4.0,97.0
455,S-jaffa-road-00-3,31.7788,35.223725,3,12.5,83.5
455,S-jaffa-road-01-1,31.779925,35.221525,2,13.1,82.9
455,S-jaffa-road-01-2,31.78035,35.22055,6,10.3,86.8
455,S-jaffa-road-01-3,31.780775,35.219575,0,13.6,81.3
455,S-jaffa-road-02-1,31.78195,35.2172,0,4.0,97.0
455,S-jaffa-road-02-2,31.7827,35.2158,1,4.0,97.0
455,S-jaffa-road-02-3,31.78345,35.2144,1,4.0,97.0
455,S-jaffa-road-03-1,31.784575,35.212,1,21.8,69.6
455,S-jaffa-road-03-2,31.78495,35.211,2,17.7,79.7
455,S-jaffa-road-03-3,31.785325,35.21,1,19.6,74.3
455,S-jaffa-road-04-1,31.786625,35.2074,2,6.4,89.2
455,S-jaffa-road-04-2,31.78755,35.2058,3,16.8,80.3
455,S-jaffa-road-04-3,31.788475,35.2042,3,19.5,76.6
460,S-jaffa-road-00-1,31.7774,35.226175,2,20.6,72.3
460,S-jaffa-road-00-2,31.7781,35.22495,1,6.5,94.5
460,S-jaffa-road-00-3,31.7788,35.223725,1,17.9,81.8
460,S-jaffa-road-01-1,31.779925,35.221525,1,11.7,85.0
460,S-jaffa-road-01-2,31.78035,35.22055,2,4.0,97.0
460,S-jaffa-road-01-3,31.780775,35.219575,2,14.1,83.2
460,S-jaffa-road-02-1,31.78195,35.2172,1,4.0,97.0
460,S-jaffa-road-02-2,31.7827,35.2158,1,4.0,97.0
460,S-jaffa-road-02-3,31.78345,35.2144,2,4.6,97.0
460,S-jaffa-road-03-1,31.784575,35.212,3,18.0,77.9
460,S-jaffa-road-03-2,31.78495,35.211,0,21.0,75.2
460,S-jaffa-road-03-3,31.785325,35.21,3,6.4,91.2
460,S-jaffa-road-04-1,31.786625,35.2074,0,24.8,69.3
460,S-jaffa-road-04-2,31.78755,35.2058,0,4.0,97.0
460,S-jaffa-road-04-3,31.788475,35.2042,2,7.5,93.1
465,S-jaffa-road-00-1,31.7774,35.226175,0,9.7,88.2
465,S-jaffa-road-00-2,31.7781,35.22495,3,17.1,77.9
465,S-jaffa-road-00-3,31.7788,35.223725,2,4.0,96.1
465,S-jaffa-road-01-1,31.779925,35.221525,0,11.3,88.6
465,S-jaffa-road-01-2,31.78035,35.22055,0,9.4,90.2
465,S-jaffa-road-01-3,31.780775,35.219575,1,10.9,87.5
465,S-jaffa-road-02-1,31.78195,35.2172,0,4.0,97.0
465,S-jaffa-road-02-2,31.7827,35.2158,0,4.9,97.0
465,S-jaffa-road-02-3,31.78345,35.2144,0,4.0,97.0
465,S-jaffa-road-03-1,31.784575,35.212,2,12.2,85.7
465,S-jaffa-road-03-2,31.78495,35.211,1,4.0,92.4
465,S-jaffa-road-03-3,31.785325,35.21,0,10.1,89.1
465,S-jaffa-road-04-1,31.786625,35.2074,1,21.4,74.4
465,S-jaffa-road-04-2,31.78755,35.2058,1,4.0,97.0
465,S-jaffa-road-04-3,31.788475,35.2042,2,4.3,97.0
470,S-jaffa-road-00-1,31.7774,35.226175,2,8.7,88.8
470,S-jaffa-road-00-2,31.7781,35.22495,1,16.0,80.4
470,S-jaffa-road-00-3,31.7788,35.223725,0,17.0,78.8
470,S-jaffa-road-01-1,31.779925,35.221525,2,16.6,79.4
470,S-jaffa-road-01-2,31.78035,35.22055,2,16.8,79.0
470,S-jaffa-road-01-3,31.780775,35.219575,1,4.9,88.6
470,S-jaffa-road-02-1,31.78195,35.2172,0,5.3,97.0
470,S-jaffa-road-02-2,31.7827,35.2158,0,6.5,97.0
470,S-jaffa-road-02-3,31.78345,35.2144,0,4.0,97.0
470,S-jaffa-road-03-1,31.784575,35.212,1,14.1,81.7
470,S-jaffa-road-03-2,31.78495,35.211,2,21.6,74.3
470,S-jaffa-road-03-3,31.785325,35.21,2,8.3,89.9
470,S-jaffa-road-04-1,31.786625,35.2074,3,4.1,97.0
470,S-jaffa-road-04-2,31.78755,35.2058,3,18.5,76.7
470,S-jaffa-road-04-3,31.788475,35.2042,0,12.1,84.6
475,S-jaffa-road-00-1,31.7774,35.226175,1,18.9,76.7
475,S-jaffa-road-00-2,31.7781,35.22495,2,12.0,89.1
475,S-jaffa-road-00-3,31.7788,35.223725,4,12.4,85.0
475,S-jaffa-road-01-1,31.779925,35.221525,0,16.3,83.0
475,S-jaffa-road-01-2,31.78035,35.22055,3,12.6,86.6
475,S-jaffa-road-01-3,31.780775,35.219575,4,4.7,91.7
475,S-jaffa-road-02-1,31.78195,35.2172,1,4.0,97.0
475,S-jaffa-road-02-2,31.7827,35.2158,3,4.0,97.0
475,S-jaffa-road-02-3,31.78345,35.2144,0,4.0,97.0
475,S-jaffa-road-03-1,31.784575,35.212,1,8.7,89.3
475,S-jaffa-road-03-2,31.78495,35.211,2,6.3,93.4
475,S-jaffa-road-03-3,31.785325,35.21,0,15.7,81.0
475,S-jaffa-road-04-1,31.786625,35.2074,3,15.1,79.3
475,S-jaffa-road-04-2,31.78755,35.2058,1,12.8,83.6
475,S-jaffa-road-04-3,31.788475,35.2042,1,5.8,92.3
480,S-jaffa-road-00-1,31.7774,35.226175,1,14.0,84.9
480,S-jaffa-road-00-2,31.7781,35.22495,0,23.8,71.6
480,S-jaffa-road-00-3,31.7788,35.223725,1,14.6,82.9
480,S-jaffa-road-01-1,31.779925,35.221525,0,16.2,79.6
480,S-jaffa-road-01-2,31.78035,35.22055,2,15.7,81.3
480,S-jaffa-road-01-3,31.780775,35.219575,1,17.5,79.2
480,S-jaffa-road-02-1,31.78195,35.2172,1,4.0,97.0
480,S-jaffa-road-02-2,31.7827,35.2158,0,4.0,97.0
480,S-jaffa-road-02-3,31.78345,35.2144,1,4.0,97.0
480,S-jaffa-road-03-1,31.784575,35.212,0,13.1,85.0
480,S-jaffa-road-03-2,31.78495,35.211,3,6.9,89.0
480,S-jaffa-road-03-3,31.785325,35.21,1,16.2,80.8
480,S-jaffa-road-04-1,31.786625,35.2074,3,9.7,91.0
480,S-jaffa-road-04-2,31.78755,35.2058,0,14.0,88.7
480,S-jaffa-road-04-3,31.788475,35.2042,0,16.3,82.2
485,S-jaffa-road-00-1,31.7774,35.226175,0,18.8,77.6
485,S-jaffa-road-00-2,31.7781,35.22495,2,16.0,80.5
485,S-jaffa-road-00-3,31.7788,35.223725,1,16.7,81.3
485,S-jaffa-road-01-1,31.779925,35.221525,2,10.4,89.7
485,S-jaffa-road-01-2,31.78035,35.22055,0,18.2,82.2
485,S-jaffa-road-01-3,31.780775,35.219575,2,4.5,93.3
485,S-jaffa-road-02-1,31.78195,35.2172,0,4.0,97.0
485,S-jaffa-road-02-2,31.7827,35.2158,0,4.5,97.0
485,S-jaffa-road-02-3,31.78345,35.2144,1,4.0,97.0
485,S-jaffa-road-03-1,31.784575,35.212,2,11.8,86.0
485,S-jaffa-road-03-2,31.78495,35.211,0,19.4,75.6
485,S-jaffa-road-03-3,31.785325,35.21,2,4.0,96.1
485,S-jaffa-road-04-1,31.786625,35.2074,2,14.3,85.1
485,S-jaffa-road-04-2,31.78755,35.2058,3,21.8,71.0
485,S-jaffa-road-04-3,31.788475,35.2042,2,4.9,91.1
490,S-jaffa-road-00-1,31.7774,35.226175,0,15.8,79.7
490,S-jaffa-road-00-2,31.7781,35.22495,2,4.0,93.2
490,S-jaffa-road-00-3,31.7788,35.223725,1,23.3,72.1
490,S-jaffa-road-01-1,31.779925,35.221525,1,23.7,70.4
490,S-jaffa-road-01-2,31.78035,35.22055,0,4.0,95.8
490,S-jaffa-road-01-3,31.780775,35.219575,3,16.0,82.9
490,S-jaffa-road-02-1,31.78195,35.2172,0,4.0,97.0
490,S-jaffa-road-02-2,31.7827,35.2158,1,4.0,97.0
490,S-jaffa-road-02-3,31.78345,35.2144,1,4.0,97.0
490,S-jaffa-road-03-1,31.784575,35.212,3,16.0,79.6
490,S-jaffa-road-03-2,31.78495,35.211,2,22.8,71.8
490,S-jaffa-road-03-3,31.785325,35.21,2,8.0,91.8
490,S-jaffa-road-04-1,31.786625,35.2074,1,19.3,77.6
490,S-jaffa-road-04-2,31.78755,35.2058,3,21.7,73.5
490,S-jaffa-road-04-3,31.788475,35.2042,0,4.0,96.5
495,S-jaffa-road-00-1,31.7774,35.226175,0,22.9,72.1
495,S-jaffa-road-00-2,31.7781,35.22495,0,16.6,77.3
495,S-jaffa-road-00-3,31.7788,35.223725,1,13.7,84.0
495,S-jaffa-road-01-1,31.779925,35.221525,1,10.4,87.1
495,S-jaffa-road-01-2,31.78035,35.22055,1,9.6,90.9
495,S-jaffa-road-01-3,31.780775,35.219575,1,14.7,83.8
495,S-jaffa-road-02-1,31.78195,35.2172,0,4.0,97.0
495,S-jaffa-road-02-2,31.7827,35.2158,0,5.7,97.0
495,S-jaffa-road-02-3,31.78345,35.2144,0,4.0,97.0
495,S-jaffa-road-03-1,31.784575,35.212,1,11.2,86.1
495,S-jaffa-road-03-2,31.78495,35.211,0,5.5,92.4
495,S-jaffa-road-03-3,31.785325,35.21,0,10.7,88.4
495,S-jaffa-road-04-1,31.786625,35.2074,2,9.6,88.4
495,S-jaffa-road-04-2,31.78755,35.2058,2,17.0,84.7
495,S-jaffa-road-04-3,31.788475,35.2042,1,20.8,77.8
500,S-jaffa-road-00-1,31.7774,35.226175,2,8.0,90.0
500,S-jaffa-road-00-2,31.7781,35.22495,2,13.6,82.7
500,S-jaffa-road-00-3,31.7788,35.223725,1,14.9,81.1
500,S-jaffa-road-01-1,31.779925,35.221525,0,7.2,89.0
500,S-jaffa-road-01-2,31.78035,35.22055,1,4.0,97.0
500,S-jaffa-road-01-3,31.780775,35.219575,3,17.7,81.6
500,S-jaffa-road-02-1,31.78195,35.2172,0,4.1,97.0
500,S-jaffa-road-02-2,31.7827,35.2158,0,4.0,97.0
500,S-jaffa-road-02-3,31.78345,35.2144,0,4.4,97.0
500,S-jaffa-road-03-1,31.784575,35.212,0,9.1,90.6
500,S-jaffa-road-03-2,31.78495,35.211,1,4.0,97.0
500,S-jaffa-road-03-3,31.785325,35.21,1,4.0,97.0
500,S-jaffa-road-04-1,31.786625,35.2074,0,7.5,92.7
500,S-jaffa-road-04-2,31.78755,35.2058,4,4.0,97.0
500,S-jaffa-road-04-3,31.788475,35.2042,0,4.0,97.0
505,S-jaffa-road-00-1,31.7774,35.226175,4,18.5,80.1
505,S-jaffa-road-00-2,31.7781,35.22495,1,18.9,77.7
505,S-jaffa-road-00-3,31.7788,35.223725,0,14.4,80.2
505,S-jaffa-road-01-1,31.779925,35.221525,0,4.0,95.4
505,S-jaffa-road-01-2,31.78035,35.22055,1,25.1,70.6
505,S-jaffa-road-01-3,31.780775,35.219575,0,10.5,87.1
505,S-jaffa-road-02-1,31.78195,35.2172,1,6.7,97.0
505,S-jaffa-road-02-2,31.7827,35.2158,0,4.0,97.0
505,S-jaffa-road-02-3,31.78345,35.2144,2,4.0,97.0
505,S-jaffa-road-03-1,31.784575,35.212,0,16.9,79.9
505,S-jaffa-road-03-2,31.78495,35.211,2,10.2,87.1
505,S-jaffa-road-03-3,31.785325,35.21,1,18.8,76.0
505,S-jaffa-road-04-1,31.786625,35.2074,1,4.0,97.0
505,S-jaffa-road-04-2,31.78755,35.2058,3,4.0,97.0
505,S-jaffa-road-04-3,31.788475,35.2042,2,21.0,72.0
510,S-jaffa-road-00-1,31.7774,35.226175,1,15.5,83.0
510,S-jaffa-road-00-2,31.7781,35.22495,0,14.6,84.8
510,S-jaffa-road-00-3,31.7788,35.223725,2,4.0,97.0
510,S-jaffa-road-01-1,31.779925,35.221525,0,17.2,80.1
510,S-jaffa-road-01-2,31.78035,35.22055,0,24.7,66.8
510,S-jaffa-road-01-3,31.780775,35.219575,0,4.0,97.0
510,S-jaffa-road-02-1,31.78195,35.2172,0,4.0,97.0
510,S-jaffa-road-02-2,31.7827,35.2158,2,4.0,97.0
510,S-jaffa-road-02-3,31.78345,35.2144,0,4.3,97.0
510,S-jaffa-road-03-1,31.784575,35.212,1,7.0,90.1
510,S-jaffa-road-03-2,31.78495,35.211,0,6.0,92.6
510,S-jaffa-road-03-3,31.785325,35.21,0,15.3,82.0
510,S-jaffa-road-04-1,31.786625,35.2074,2,13.4,83.6
510,S-jaffa-road-04-2,31.78755,35.2058,2,14.2,78.7
510,S-jaffa-road-04-3,31.788475,35.2042,1,8.9,90.8
515,S-jaffa-road-00-1,31.7774,35.226175,0,11.6,88.1
515,S-jaffa-road-00-2,31.7781,35.22495,2,10.3,87.4
515,S-jaffa-road-00-3,31.7788,35.223725,1,9.8,88.7
515,S-jaffa-road-01-1,31.779925,35.221525,1,21.4,75.1
515,S-jaffa-road-01-2,31.78035,35.22055,1,8.6,88.4
515,S-jaffa-road-01-3,31.780775,35.219575,1,4.0,94.4
515,S-jaffa-road-02-1,31.78195,35.2172,0,4.0,97.0
515,S-jaffa-road-02-2,31.7827,35.2158,1,5.3,97.0
515,S-jaffa-road-02-3,31.78345,35.2144,1,4.0,97.0
515,S-jaffa-road-03-1,31.784575,35.212,0,7.7,90.2
515,S-jaffa-road-03-2,31.78495,35.211,1,4.0,97.0
515,S-jaffa-road-03-3,31.785325,35.21,0,12.2,80.8
515,S-jaffa-road-04-1,31.786625,35.2074,2,19.4,77.8
515,S-jaffa-road-04-2,31.78755,35.2058,3,21.1,77.5
515,S-jaffa-road-04-3,31.788475,35.2042,2,12.7,85.2
520,S-jaffa-road-00-1,31.7774,35.226175,2,14.9,83.0
520,S-jaffa-road-00-2,31.7781,35.22495,2,14.3,83.7
520,S-jaffa-road-00-3,31.7788,35.223725,1,4.0,97.0
520,S-jaffa-road-01-1,31.779925,35.221525,2,6.2,90.1
520,S-jaffa-road-01-2,31.78035,35.22055,1,11.0,84.8
520,S-jaffa-road-01-3,31.780775,35.219575,1,20.2,75.9
520,S-jaffa-road-02-1,31.78195,35.2172,0,4.0,97.0
520,S-jaffa-road-02-2,31.7827,35.2158,1,4.0,97.0
520,S-jaffa-road-02-3,31.78345,35.2144,0,4.0,97.0
520,S-jaffa-road-03-1,31.784575,35.212,1,29.2,66.2
520,S-jaffa-road-03-2,31.78495,35.211,0,11.7,83.7
520,S-jaffa-road-03-3,31.785325,35.21,3,4.6,97.0
520,S-jaffa-road-04-1,31.786625,35.2074,2,4.0,97.0
520,S-jaffa-road-04-2,31.78755,35.2058,0,9.2,85.4
520,S-jaffa-road-04-3,31.788475,35.2042,4,4.0,94.3
525,S-jaffa-road-00-1,31.7774,35.226175,2,15.1,80.4
525,S-jaffa-road-00-2,31.7781,35.22495,0,15.6,78.6
525,S-jaffa-road-00-3,31.7788,35.223725,2,15.4,82.3
525,S-jaffa-road-01-1,31.779925,35.221525,3,25.8,69.7
525,S-jaffa-road-01-2,31.78035,35.22055,0,7.9,89.9
525,S-jaffa-road-01-3,31.780775,35.219575,0,13.2,83.5
525,S-jaffa-road-02-1,31.78195,35.2172,0,5.8,97.0
525,S-jaffa-road-02-2,31.7827,35.2158,0,4.0,97.0
525,S-jaffa-road-02-3,31.78345,35.2144,0,4.0,97.0
525,S-jaffa-road-03-1,31.784575,35.212,1,25.1,74.8
525,S-jaffa-road-03-2,31.78495,35.211,1,12.4,84.4
525,S-jaffa-road-03-3,31.785325,35.21,0,22.9,71.9
525,S-jaffa-road-04-1,31.786625,35.2074,0,16.7,79.1
525,S-jaffa-road-04-2,31.78755,35.2058,2,16.8,78.7
525,S-jaffa-road-04-3,31.788475,35.2042,1,15.2,84.9
530,S-jaffa-road-00-1,31.7774,35.226175,1,21.4,71.0
530,S-jaffa-road-00-2,31.7781,35.22495,4,9.2,90.8
530,S-jaffa-road-00-3,31.7788,35.223725,2,4.0,97.0
530,S-jaffa-road-01-1,31.779925,35.221525,0,10.4,87.1
530,S-jaffa-road-01-2,31.78035,35.22055,1,23.2,72.2
530,S-jaffa-road-01-3,31.780775,35.219575,0,4.0,96.1
530,S-jaffa-road-02-1,31.78195,35.2172,1,4.6,97.0
530,S-jaffa-road-02-2,31.7827,35.2158,0,4.0,97.0
530,S-jaffa-road-02-3,31.78345,35.2144,2,4.0,97.0
530,S-jaffa-road-03-1,31.784575,35.212,1,13.7,85.4
530,S-jaffa-road-03-2,31.78495,35.211,1,17.1,80.4
530,S-jaffa-road-03-3,31.785325,35.21,1,16.8,83.0
530,S-jaffa-road-04-1,31.786625,35.2074,1,17.4,78.2
530,S-jaffa-road-04-2,31.78755,35.2058,4,7.5,93.8
530,S-jaffa-road-04-3,31.788475,35.2042,0,11.6,87.3
535,S-jaffa-road-00-1,31.7774,35.226175,1,19.6,72.7
535,S-jaffa-road-00-2,31.7781,35.22495,1,15.0,78.3
535,S-jaffa-road-00-3,31.7788,35.223725,0,17.1,80.3
535,S-jaffa-road-01-1,31.779925,35.221525,2,20.0,76.9
535,S-jaffa-road-01-2,31.78035,35.22055,3,28.4,67.4
535,S-jaffa-road-01-3,31.780775,35.219575,1,7.8,89.8
535,S-jaffa-road-02-1,31.78195,35.2172,0,4.5,97.0
535,S-jaffa-road-02-2,31.7827,35.2158,0,4.3,97.0
535,S-jaffa-road-02-3,31.78345,35.2144,0,4.0,97.0
535,S-jaffa-road-03-1,31.784575,35.212,2,11.8,86.0
535,S-jaffa-road-03-2,31.78495,35.211,0,15.3,80.2
535,S-jaffa-road-03-3,31.785325,35.21,2,10.5,92.0
535,S-jaffa-road-04-1,31.786625,35.2074,0,18.4,80.1
535,S-jaffa-road-04-2,31.78755,35.2058,2,9.6,87.8
535,S-jaffa-road-04-3,31.788475,35.2042,0,12.3,85.8
540,S-jaffa-road-00-1,31.7774,35.226175,1,4.0,96.8
540,S-jaffa-road-00-2,31.7781,35.22495,1,27.3,65.9
540,S-jaffa-road-00-3,31.7788,35.223725,1,10.5,89.4
540,S-jaffa-road-01-1,31.779925,35.221525,1,20.8,75.4
540,S-jaffa-road-01-2,31.78035,35.22055,2,15.1,81.4
540,S-jaffa-road-01-3,31.780775,35.219575,1,11.8,88.0
540,S-jaffa-road-02-1,31.78195,35.2172,1,4.0,97.0
540,S-jaffa-road-02-2,31.7827,35.2158,0,4.0,97.0
540,S-jaffa-road-02-3,31.78345,35.2144,1,4.6,97.0
540,S-jaffa-road-03-1,31.784575,35.212,0,7.7,92.9
540,S-jaffa-road-03-2,31.78495,35.211,1,7.2,91.6
540,S-jaffa-road-03-3,31.785325,35.21,1,11.9,85.2
540,S-jaffa-road-04-1,31.786625,35.2074,1,7.2,93.2
540,S-jaffa-road-04-2,31.78755,35.2058,0,16.1,84.4
540,S-jaffa-road-04-3,31.788475,35.2042,4,14.4,81.3
545,S-jaffa-road-00-1,31.7774,35.226175,0,4.0,96.0
545,S-jaffa-road-00-2,31.7781,35.22495,3,18.9,74.9
545,S-jaffa-road-00-3,31.7788,35.223725,5,20.5,74.7
545,S-jaffa-road-01-1,31.779925,35.221525,1,27.4,68.8
545,S-jaffa-road-01-2,31.78035,35.22055,1,10.1,87.8
545,S-jaffa-road-01-3,31.780775,35.219575,0,20.6,77.3
545,S-jaffa-road-02-1,31.78195,35.2172,0,4.0,97.0
545,S-jaffa-road-02-2,31.7827,35.2158,1,4.0,97.0
545,S-jaffa-road-02-3,31.78345,35.2144,0,5.0,97.0
545,S-jaffa-road-03-1,31.784575,35.212,1,19.7,79.3
545,S-jaffa-road-03-2,31.78495,35.211,1,12.2,85.0
545,S-jaffa-road-03-3,31.785325,35.21,1,10.3,88.5
545,S-jaffa-road-04-1,31.786625,35.2074,0,18.4,77.6
545,S-jaffa-road-04-2,31.78755,35.2058,1,16.4,80.2
545,S-jaffa-road-04-3,31.788475,35.2042,2,28.2,65.3
550,S-jaffa-road-00-1,31.7774,35.226175,1,18.2,77.1
550,S-jaffa-road-00-2,31.7781,35.22495,2,18.0,77.6
550,S-jaffa-road-00-3,31.7788,35.223725,1,16.4,77.4
550,S-jaffa-road-01-1,31.779925,35.221525,1,16.3,79.1
550,S-jaffa-road-01-2,31.78035,35.22055,1,19.1,73.9
550,S-jaffa-road-01-3,31.780775,35.219575,2,11.0,86.1
550,S-jaffa-road-02-1,31.78195,35.2172,2,4.0,97.0
550,S-jaffa-road-02-2,31.7827,35.2158,0,4.0,97.0
550,S-jaffa-road-02-3,31.78345,35.2144,1,4.0,97.0
550,S-jaffa-road-03-1,31.784575,35.212,2,13.6,85.2
550,S-jaffa-road-03-2,31.78495,35.211,1,8.6,91.4
550,S-jaffa-road-03-3,31.785325,35.21,0,10.3,84.4
550,S-jaffa-road-04-1,31.786625,35.2074,1,4.0,97.0
550,S-jaffa-road-04-2,31.78755,35.2058,3,16.4,82.4
550,S-jaffa-road-04-3,31.788475,35.2042,2,15.1,80.1
555,S-jaffa-road-00-1,31.7774,35.226175,1,13.2,80.9
555,S-jaffa-road-00-2,31.7781,35.22495,0,15.3,84.3
555,S-jaffa-road-00-3,31.7788,35.223725,2,18.6,77.2
555,S-jaffa-road-01-1,31.779925,35.221525,5,20.6,76.2
555,S-jaffa-road-01-2,31.78035,35.22055,0,13.2,82.3
555,S-jaffa-road-01-3,31.780775,35.219575,0,4.0,97.0
555,S-jaffa-road-02-1,31.78195,35.2172,2,4.0,97.0
555,S-jaffa-road-02-2,31.7827,35.2158,1,4.0,97.0
555,S-jaffa-road-02-3,31.78345,35.2144,0,4.0,97.0
555,S-jaffa-road-03-1,31.784575,35.212,1,5.9,97.0
555,S-jaffa-road-03-2,31.78495,35.211,2,11.9,83.3
555,S-jaffa-road-03-3,31.785325,35.21,1,4.0,96.1
555,S-jaffa-road-04-1,31.786625,35.2074,1,10.1,88.6
555,S-jaffa-road-04-2,31.78755,35.2058,1,4.0,97.0
555,S-jaffa-road-04-3,31.788475,35.2042,1,4.1,97.0
560,S-jaffa-road-00-1,31.7774,35.226175,3,6.4,90.6
560,S-jaffa-road-00-2,31.7781,35.22495,1,20.3,79.4
560,S-jaffa-road-00-3,31.7788,35.223725,0,10.3,91.3
560,S-jaffa-road-01-1,31.779925,35.221525,3,16.0,83.6
560,S-jaffa-road-01-2,31.78035,35.22055,3,6.1,92.4
560,S-jaffa-road-01-3,31.780775,35.219575,2,4.0,95.3
560,S-jaffa-road-02-1,31.78195,35.2172,1,4.0,97.0
560,S-jaffa-road-02-2,31.7827,35.2158,0,4.0,97.0
560,S-jaffa-road-02-3,31.78345,35.2144,0,4.0,97.0
560,S-jaffa-road-03-1,31.784575,35.212,1,4.0,94.4
560,S-jaffa-road-03-2,31.78495,35.211,3,19.2,77.7
560,S-jaffa-road-03-3,31.785325,35.21,2,11.5,84.4
560,S-jaffa-road-04-1,31.786625,35.2074,1,22.8,74.7
560,S-jaffa-road-04-2,31.78755,35.2058,0,16.5,81.7
560,S-jaffa-road-04-3,31.788475,35.2042,0,14.0,87.2
565,S-jaffa-road-00-1,31.7774,35.226175,0,20.0,73.6
565,S-jaffa-road-00-2,31.7781,35.22495,3,24.8,71.6
565,S-jaffa-road-00-3,31.7788,35.223725,1,21.1,74.9
565,S-jaffa-road-01-1,31.779925,35.221525,0,18.7,75.3
565,S-jaffa-road-01-2,31.78035,35.22055,4,23.0,74.1
565,S-jaffa-road-01-3,31.780775,35.219575,0,6.2,88.8
565,S-jaffa-road-02-1,31.78195,35.2172,0,4.0,97.0
565,S-jaffa-road-02-2,31.7827,35.2158,0,4.0,97.0
565,S-jaffa-road-02-3,31.78345,35.2144,1,5.4,97.0
565,S-jaffa-road-03-1,31.784575,35.212,0,6.3,93.1
565,S-jaffa-road-03-2,31.78495,35.211,0,11.8,83.2
565,S-jaffa-road-03-3,31.785325,35.21,2,18.5,76.6
565,S-jaffa-road-04-1,31.786625,35.2074,0,19.7,76.0
565,S-jaffa-road-04-2,31.78755,35.2058,1,4.0,95.5
565,S-jaffa-road-04-3,31.788475,35.2042,0,14.7,78.9
570,S-jaffa-road-00-1,31.7774,35.226175,1,19.3,77.7
570,S-jaffa-road-00-2,31.7781,35.22495,2,12.2,86.3
570,S-jaffa-road-00-3,31.7788,35.223725,2,21.3,71.9
570,S-jaffa-road-01-1,31.779925,35.221525,1,19.1,74.5
570,S-jaffa-road-01-2,31.78035,35.22055,0,13.3,87.5
570,S-jaffa-road-01-3,31.780775,35.219575,0,26.1,71.1
570,S-jaffa-road-02-1,31.78195,35.2172,0,5.0,97.0
570,S-jaffa-road-02-2,31.7827,35.2158,0,4.0,97.0
570,S-jaffa-road-02-3,31.78345,35.2144,0,4.0,97.0
570,S-jaffa-road-03-1,31.784575,35.212,2,20.6,77.0
570,S-jaffa-road-03-2,31.78495,35.211,0,14.7,83.3
570,S-jaffa-road-03-3,31.785325,35.21,1,20.9,76.1
570,S-jaffa-road-04-1,31.786625,35.2074,2,5.9,90.6
570,S-jaffa-road-04-2,31.78755,35.2058,0,10.8,88.7
570,S-jaffa-road-04-3,31.788475,35.2042,3,15.3,79.3
575,S-jaffa-road-00-1,31.7774,35.226175,3,11.6,85.3
575,S-jaffa-road-00-2,31.7781,35.22495,1,17.4,77.4
575,S-jaffa-road-00-3,31.7788,35.223725,2,4.0,96.4
575,S-jaffa-road-01-1,31.779925,35.221525,1,9.9,86.5
575,S-jaffa-road-01-2,31.78035,35.22055,2,22.8,71.8
575,S-jaffa-road-01-3,31.780775,35.219575,1,19.8,77.0
575,S-jaffa-road-02-1,31.78195,35.2172,0,5.0,97.0
575,S-jaffa-road-02-2,31.7827,35.2158,0,4.9,97.0
575,S-jaffa-road-02-3,31.78345,35.2144,0,4.0,97.0
575,S-jaffa-road-03-1,31.784575,35.212,1,9.8,88.4
575,S-jaffa-road-03-2,31.78495,35.211,2,8.0,93.5
575,S-jaffa-road-03-3,31.785325,35.21,1,19.8,74.6
575,S-jaffa-road-04-1,31.786625,35.2074,2,7.0,93.5
575,S-jaffa-road-04-2,31.78755,35.2058,1,20.0,73.9
575,S-jaffa-road-04-3,31.788475,35.2042,2,4.0,94.7
580,S-jaffa-road-00-1,31.7774,35.226175,1,14.7,82.2
580,S-jaffa-road-00-2,31.7781,35.22495,2,17.1,77.3
580,S-jaffa-road-00-3,31.7788,35.223725,1,4.0,97.0
580,S-jaffa-road-01-1,31.779925,35.221525,1,13.9,83.8
580,S-jaffa-road-01-2,31.78035,35.22055,2,16.4,80.2
580,S-jaffa-road-01-3,31.780775,35.219575,2,21.6,72.0
580,S-jaffa-road-02-1,31.78195,35.2172,1,4.0,97.0
580,S-jaffa-road-02-2,31.7827,35.2158,0,4.0,97.0
580,S-jaffa-road-02-3,31.78345,35.2144,0,4.0,97.0
580,S-jaffa-road-03-1,31.784575,35.212,1,15.9,80.2
580,S-jaffa-road-03-2,31.78495,35.211,3,11.1,88.1
580,S-jaffa-road-03-3,31.785325,35.21,1,4.0,97.0
580,S-jaffa-road-04-1,31.786625,35.2074,2,23.3,73.9
580,S-jaffa-road-04-2,31.78755,35.2058,1,4.0,94.6
580,S-jaffa-road-04-3,31.788475,35.2042,5,9.7,88.6
585,S-jaffa-road-00-1,31.7774,35.226175,2,12.3,83.7
585,S-jaffa-road-00-2,31.7781,35.22495,0,13.3,84.6
585,S-jaffa-road-00-3,31.7788,35.223725,1,4.0,97.0
585,S-jaffa-road-01-1,31.779925,35.221525,3,14.7,81.9
585,S-jaffa-road-01-2,31.78035,35.22055,2,6.1,94.6
585,S-jaffa-road-01-3,31.780775,35.219575,0,17.3,81.3
585,S-jaffa-road-02-1,31.78195,35.2172,0,4.8,97.0
585,S-jaffa-road-02-2,31.7827,35.2158,0,4.0,97.0
585,S-jaffa-road-02-3,31.78345,35.2144,0,4.0,97.0
585,S-jaffa-road-03-1,31.784575,35.212,0,11.7,87.9
585,S-jaffa-road-03-2,31.78495,35.211,1,4.0,97.0
585,S-jaffa-road-03-3,31.785325,35.21,2,11.3,89.0
585,S-jaffa-road-04-1,31.786625,35.2074,1,6.3,94.5
585,S-jaffa-road-04-2,31.78755,35.2058,1,10.2,88.9
585,S-jaffa-road-04-3,31.788475,35.2042,1,14.2,80.0
590,S-jaffa-road-00-1,31.7774,35.226175,1,13.4,85.8
590,S-jaffa-road-00-2,31.7781,35.22495,2,23.1,69.8
590,S-jaffa-road-00-3,31.7788,35.223725,2,20.4,76.9
590,S-jaffa-road-01-1,31.779925,35.221525,0,11.0,89.9
590,S-jaffa-road-01-2,31.78035,35.22055,0,10.8,86.1
590,S-jaffa-road-01-3,31.780775,35.219575,2,16.4,80.9
590,S-jaffa-road-02-1,31.78195,35.2172,0,4.0,97.0
590,S-jaffa-road-02-2,31.7827,35.2158,0,4.3,97.0
590,S-jaffa-road-02-3,31.78345,35.2144,0,4.5,97.0
590,S-jaffa-road-03-1,31.784575,35.212,0,16.5,77.8
590,S-jaffa-road-03-2,31.78495,35.211,0,12.5,84.2
590,S-jaffa-road-03-3,31.785325,35.21,2,4.0,93.1
590,S-jaffa-road-04-1,31.786625,35.2074,3,16.9,79.7
590,S-jaffa-road-04-2,31.78755,35.2058,1,14.8,80.7
590,S-jaffa-road-04-3,31.788475,35.2042,1,6.1,93.6
595,S-jaffa-road-00-1,31.7774,35.226175,0,13.9,82.0
595,S-jaffa-road-00-2,31.7781,35.22495,2,20.5,74.3
595,S-jaffa-road-00-3,31.7788,35.223725,0,4.0,97.0
595,S-jaffa-road-01-1,31.779925,35.221525,2,5.4,94.2
595,S-jaffa-road-01-2,31.78035,35.22055,0,10.5,88.8
595,S-jaffa-road-01-3,31.780775,35.219575,2,18.6,81.9
595,S-jaffa-road-02-1,31.78195,35.2172,0,4.0,97.0
595,S-jaffa-road-02-2,31.7827,35.2158,0,4.0,97.0
595,S-jaffa-road-02-3,31.78345,35.2144,1,4.0,97.0
595,S-jaffa-road-03-1,31.784575,35.212,0,15.0,81.4
595,S-jaffa-road-03-2,31.78495,35.211,2,11.2,83.8
595,S-jaffa-road-03-3,31.785325,35.21,0,4.0,97.0
595,S-jaffa-road-04-1,31.786625,35.2074,0,15.8,79.9
595,S-jaffa-road-04-2,31.78755,35.2058,0,14.9,81.0
595,S-jaffa-road-04-3,31.788475,35.2042,2,13.8,81.7
